,city,city_ascii,state_id,state_name,county_fips,county_name,lat,lng,population,density,source,military,incorporated,timezone,ranking,zips,id
1,Los Angeles,Los Angeles,CA,California,6037,Los Angeles,34.1141,-118.4068,11984083,3165.2,shape,False,True,America/Los_Angeles,1,90292 90048 90021 90013 91324 90071 91356 90017 90006 90014 91342 90077 91371 91608 91345 90032 90732 90049 91306 90015 91403 90008 90063 90002 91040 91607 90247 90039 90064 90068 91343 90293 90062 91330 90291 90024 91401 90004 91303 90020 90079 90007 90065 90011 90012 90016 90018 91042 90010 91335 91340 90034 90036 90037 90023 90025 91307 90041 91311 90042 90043 90027 90029 90031 91325 91326 91331 90045 91352 90046 91344 90057 90059 91402 90069 90089 90094 90095 91364 90061 91601 91602 91606 91406 91436 90248 91504 90501 90502 90710 91605 90066 90028 91367 90210 90038 90058 90052 90019 90001 90003 90033 91304 91316 90044 90067 91405 90047 91604 90005 90035 90402 90272 90744 90026 90731 90230 91411 91423 90009 90030 90050 90051 90053 90054 90055 90060 90070 90072 90075 90076 90078 90080 90081 90082 90083 90086 90087 90093 90213 90294 90295 90733 90734 90748 91041 91043 91305 91308 91309 91313 91327 91328 91333 91334 91337 91346 91353 91357 91365 91392 91393 91394 91395 91396 91404 91407 91408 91409 91410 91412 91413 91416 91426 91603 91609 91610 91614 91615 91616 91617 91470 91482 91499 90074 90084 90088 90099 90189 90085 91618,1840020491
13,San Francisco,San Francisco,CA,California,6075,San Francisco,37.7558,-122.4449,3417736,6866.4,shape,False,True,America/Los_Angeles,1,94104 94188 94158 94110 94122 94130 94111 94123 94124 94107 94102 94121 94109 94108 94112 94114 94115 94116 94118 94129 94132 94133 94134 94127 94105 94117 94103 94131 94119 94120 94125 94140 94141 94142 94146 94147 94159 94164 94172 94137 94139 94144 94145 94151 94160 94161 94163 94177 94143,1840021543
14,San Diego,San Diego,CA,California,6073,San Diego,32.8313,-117.1222,3064435,1645.2,shape,False,True,America/Los_Angeles,1,92093 92161 92147 92122 92134 92154 92132 92120 92092 92103 92129 92109 92124 92014 92101 92117 92037 92071 92116 92106 92119 92121 92110 92123 92111 92113 92114 92115 92126 92127 92128 92130 92131 92139 92173 92025 92107 92145 92136 92102 92108 92182 92104 92027 92105 92140 92038 92039 92072 92112 92137 92138 92142 92143 92149 92150 92153 92159 92160 92163 92165 92166 92167 92168 92169 92170 92171 92172 92174 92175 92176 92177 92186 92191 92192 92193 92195 92196 92198 92152 92158 92187 92197 92199,1840021990
20,Riverside,Riverside,CA,California,6065,Riverside,33.9381,-117.3949,2333040,1518.1,shape,False,True,America/Los_Angeles,1,92501 92521 92505 92504 92507 92506 92508 92503 92502 92513 92514 92516 92517 92522,1840020551
21,Las Vegas,Las Vegas,NV,Nevada,32003,Clark,36.2333,-115.2654,2299189,1797.4,shape,False,True,America/Los_Angeles,1,89124 89134 89102 89117 89145 89128 89143 89149 89107 89104 89138 89108 89129 89110 89130 89131 89144 89146 89106 89101 89105 89114 89116 89125 89126 89127 89133 89137 89140 89151 89152 89153 89155 89163 89195,1840020364
26,Sacramento,Sacramento,CA,California,6067,Sacramento,38.5677,-121.4685,1975489,2069.4,shape,False,True,America/Los_Angeles,1,95834 95821 95814 95826 95825 95818 95828 95831 95817 95835 95832 95811 95815 95819 95820 95824 95833 95838 95816 95823 95822 95812 95813 95851 95852 95853 94203 94204 94205 94209 94229 94230 94232 94235 94236 94237 94239 94240 94244 94247 94248 94249 94250 94252 94254 94256 94257 94258 94259 94261 94262 94263 94267 94268 94269 94271 94273 94274 94277 94278 94279 94280 94283 94284 94285 94287 94288 94289 94290 94293 94294 94295 94296 94297 94298 94299 95840 95867 95894,1840021491
29,San Jose,San Jose,CA,California,6085,Santa Clara,37.3012,-121.848,1827643,2148.4,shape,False,True,America/Los_Angeles,1,95037 95122 95113 95139 95120 95134 95117 95129 95138 95013 95118 95124 95119 95125 95126 95128 95130 95131 95008 95121 95111 95112 95116 95132 95136 95110 95123 95133 95127 95148 95002 95103 95106 95109 95150 95151 95153 95154 95155 95156 95157 95158 95159 95160 95161 95164 95172 95173 95190 95191 95192 95193 95194 95196 95025 95101 95115 95141,1840021570
64,Fresno,Fresno,CA,California,6019,Fresno,36.783,-119.7939,732197,1818.7,shape,False,True,America/Los_Angeles,2,93741 93650 93721 93703 93720 93702 93704 93740 93727 93701 93705 93706 93711 93726 93730 93710 93722 93728 93707 93708 93709 93714 93715 93716 93717 93718 93729 93744 93745 93755 93771 93772 93774 93775 93776 93777 93778 93779 93790 93791 93792 93793 93794 93724 93750 93760 93761 93764 93765 93844,1840020319
69,Mission Viejo,Mission Viejo,CA,California,6059,Orange,33.6096,-117.6551,647990,2014.7,shape,False,True,America/Los_Angeles,2,92692 92691 92690,1840020580
80,Bakersfield,Bakersfield,CA,California,6029,Kern,35.3529,-119.0359,566351,1058.5,shape,False,True,America/Los_Angeles,2,93311 93306 93301 93312 93304 93305 93307 93309 93313 93314 93302 93383 93384 93385 93387 93389 93390,1840019148
83,Concord,Concord,CA,California,6013,Contra Costa,37.9722,-122.0016,531305,1566.7,shape,False,True,America/Los_Angeles,2,94518 94521 94565 94519 94520 94522 94524 94527,1840018905
93,Reno,Reno,NV,Nevada,32031,Washoe,39.5497,-119.8483,466706,967.9,shape,False,True,America/Los_Angeles,2,89521 89509 89557 89439 89502 89506 89508 89503 89512 89523 89519 89501 89505 89507 89533 89595 89599,1840020121
97,Long Beach,Long Beach,CA,California,6037,Los Angeles,33.7977,-118.167,455548,3471.1,shape,False,True,America/Los_Angeles,2,90840 90806 90831 90822 90810 90803 90815 90805 90804 90813 90807 90808 90802 90814 90801 90809 90832 90853 90842 90844 90846 90847 90848 90833,1840020490
101,Oakland,Oakland,CA,California,6001,Alameda,37.7904,-122.2166,439418,3031.6,shape,False,True,America/Los_Angeles,2,94607 94613 94611 94619 94705 94606 94602 94603 94608 94609 94612 94621 94720 94618 94610 94601 94605 94604 94614 94620 94623 94624 94661 94649 94659 94660 94666 94615 94617,1840020296
107,Stockton,Stockton,CA,California,6077,San Joaquin,37.9765,-121.3109,410053,1966.2,shape,False,True,America/Los_Angeles,2,95211 95207 95219 95206 95210 95212 95202 95203 95204 95205 95209 95201 95267 95269 95296 95297,1840021517
115,Oxnard,Oxnard,CA,California,6111,Ventura,34.1964,-119.1815,369935,2922.6,shape,False,True,America/Los_Angeles,2,93030 93035 93036 93033 93031 93032 93034,1840020474
117,Indio,Indio,CA,California,6065,Riverside,33.7346,-116.2346,366757,1069.9,shape,False,True,America/Los_Angeles,2,92201 92203 92241,1840019304
119,Victorville,Victorville,CA,California,6071,San Bernardino,34.5277,-117.3536,362549,720.9,shape,False,True,America/Los_Angeles,2,92395 92392 92394 92393,1840021731
120,Modesto,Modesto,CA,California,6099,Stanislaus,37.6375,-121.0028,359115,1952.1,shape,False,True,America/Los_Angeles,2,95358 95350 95355 95356 95351 95354 95352 95353 95397,1840020287
123,Anaheim,Anaheim,CA,California,6059,Orange,33.839,-117.8574,344521,2645.4,shape,False,True,America/Los_Angeles,2,92802 92804 92801 92805 92807 92806 92808 92803 92809 92812 92815 92816 92817 92825 92899,1840019322
128,Antioch,Antioch,CA,California,6013,Contra Costa,37.9787,-121.796,335183,1541.6,shape,False,True,America/Los_Angeles,2,94531 94509,1840018903
130,Henderson,Henderson,NV,Nevada,32003,Clark,36.0133,-115.0381,332141,1059.9,shape,False,True,America/Los_Angeles,2,89052 89011 89002 89005 89014 89015 89054 89074 89044 89012 89009 89077,1840020361
139,Santa Ana,Santa Ana,CA,California,6059,Orange,33.7367,-117.8819,312534,4407.8,shape,False,True,America/Los_Angeles,2,92703 92701 92704 92705 92706 92707 92702 92735 92799,1840021964
140,Irvine,Irvine,CA,California,6059,Orange,33.6772,-117.7738,311690,1834.1,shape,False,True,America/Los_Angeles,2,92603 92697 92617 92604 92614 92602 92612 92618 92620 92606 92616 92619 92650 92698,1840019325
150,Santa Rosa,Santa Rosa,CA,California,6097,Sonoma,38.4458,-122.7067,292251,1607.2,shape,False,True,America/Los_Angeles,2,95404 95401 95407 95403 95405 95409 95406,1840021488
162,North Las Vegas,North Las Vegas,NV,Nevada,32003,Clark,36.2883,-115.0888,278595,1021.0,shape,False,True,America/Los_Angeles,2,89081 89086 89085 89032 89030 89115 89031 89084 89033 89087,1840020363
163,Chula Vista,Chula Vista,CA,California,6073,San Diego,32.6281,-117.0144,276375,2149.8,shape,False,True,America/Los_Angeles,2,91914 91913 91902 91915 91910 91911 91908 91909 91912 91921,1840019350
167,Santa Clarita,Santa Clarita,CA,California,6037,Los Angeles,34.4175,-118.4964,270147,1207.4,shape,False,True,America/Los_Angeles,2,91355 91351 91350 91354 91387 91321 91322 91385 91386 91382,1840021864
187,Enterprise,Enterprise,NV,Nevada,32003,Clark,36.0091,-115.2278,240464,1406.7,shape,False,False,America/Los_Angeles,2,89141 89183 89139 89118 89119 89113 89178 89123 89148,1840033827
193,Fremont,Fremont,CA,California,6001,Alameda,37.5265,-121.9843,228295,1128.6,shape,False,True,America/Los_Angeles,2,94560 94536 94538 94555 94539 94537,1840020292
201,San Bernardino,San Bernardino,CA,California,6071,San Bernardino,34.1416,-117.2943,222724,1384.5,shape,False,True,America/Los_Angeles,2,92411 92407 92410 92369 92415 92404 92405 92401 92346 92408 92406 92413 92423 92427 92418 92403,1840021728
205,Spring Valley,Spring Valley,NV,Nevada,32003,Clark,36.0952,-115.2636,219187,2383.5,shape,False,False,America/Los_Angeles,2,89117 89118 89103 89113 89146 89147 89148 89173 89150,1840033832
211,Fontana,Fontana,CA,California,6071,San Bernardino,34.0968,-117.4599,214169,1910.4,shape,False,True,America/Los_Angeles,2,92337 92335 92336 92331 92334 92402,1840020402
213,Moreno Valley,Moreno Valley,CA,California,6065,Riverside,33.9244,-117.2045,211666,1592.8,shape,False,True,America/Los_Angeles,2,92551 92553 92557 92555 92552 92554 92556,1840020552
219,Thousand Oaks,Thousand Oaks,CA,California,6111,Ventura,34.1914,-118.8756,207637,874.9,shape,False,True,America/Los_Angeles,2,91361 91360 91362 91320 91319 91358 91359,1840021844
224,Santa Barbara,Santa Barbara,CA,California,6083,Santa Barbara,34.4285,-119.7202,202039,1739.0,shape,False,True,America/Los_Angeles,2,93105 93103 93109 93101 93102 93120 93121 93130 93140 93190,1840021829
229,Sunrise Manor,Sunrise Manor,NV,Nevada,32003,Clark,36.1783,-115.0487,200218,2293.0,shape,False,False,America/Los_Angeles,2,89122 89104 89115 89142 89121 89110 89156 89162 89180,1840033833
234,Huntington Beach,Huntington Beach,CA,California,6059,Orange,33.696,-118.0018,195240,2793.8,shape,False,True,America/Los_Angeles,2,90742 92649 92648 92647 92646 92605 92615,1840020578
239,Glendale,Glendale,CA,California,6037,Los Angeles,34.1819,-118.2468,190748,2416.4,shape,False,True,America/Los_Angeles,2,91046 91020 91210 91203 91206 91207 91202 91208 91214 91204 91205 91201 91209 91221 91222 91225 91226,1840020483
243,Paradise,Paradise,NV,Nevada,32003,Clark,36.0872,-115.1355,185913,1692.8,shape,False,False,America/Los_Angeles,2,89158 89118 89119 89103 89121 89123 89120 89109 89169 89111 89132 89136 89157 89160 89170 89193 89177 89154,1840033743
245,Hemet,Hemet,CA,California,6065,Riverside,33.7341,-116.9969,185006,1205.0,shape,False,True,America/Los_Angeles,2,92545 92543 92546,1840020550
251,Ontario,Ontario,CA,California,6071,San Bernardino,34.0393,-117.6064,180547,1394.6,shape,False,True,America/Los_Angeles,2,91764 91762 91761 91743 91758,1840020410
254,Elk Grove,Elk Grove,CA,California,6067,Sacramento,38.4161,-121.3842,179155,1623.7,shape,False,True,America/Los_Angeles,2,95624 95758 95757 95759,1840020245
256,Rancho Cucamonga,Rancho Cucamonga,CA,California,6071,San Bernardino,34.1247,-117.5667,175411,1456.2,shape,False,True,America/Los_Angeles,2,91737 91739 91730 91701 91729,1840020411
259,Salinas,Salinas,CA,California,6053,Monterey,36.6883,-121.6317,173715,2656.0,shape,False,True,America/Los_Angeles,2,93901 93905 93906 93902 93915,1840021632
261,Vallejo,Vallejo,CA,California,6095,Solano,38.1125,-122.2342,172800,1576.5,shape,False,True,America/Los_Angeles,2,94592 94591 94590 94589,1840021499
262,Oceanside,Oceanside,CA,California,6073,San Diego,33.2247,-117.3083,172242,1611.5,shape,False,True,America/Los_Angeles,2,92054 92056 92057 92058 92049 92051 92052 92068,1840020623
264,Garden Grove,Garden Grove,CA,California,6059,Orange,33.7787,-117.9601,170964,3676.7,shape,False,True,America/Los_Angeles,2,92841 92845 92840 92843 92844 92842 92846,1840020577
268,Lancaster,Lancaster,CA,California,6037,Los Angeles,34.6935,-118.1753,169169,692.8,shape,False,True,America/Los_Angeles,2,93535 93536 93534 93539 93584,1840020516
269,Visalia,Visalia,CA,California,6107,Tulare,36.3276,-119.3269,167944,1443.5,shape,False,True,America/Los_Angeles,2,93291 93292 93277 93278 93279 93290,1840021639
275,Palmdale,Palmdale,CA,California,6037,Los Angeles,34.5944,-118.1057,164634,599.3,shape,False,True,America/Los_Angeles,2,93550 93552 93591 93551 93590 93599,1840020502
276,Santa Cruz,Santa Cruz,CA,California,6087,Santa Cruz,36.9789,-122.0346,163368,1867.1,shape,False,True,America/Los_Angeles,2,95060 95062 95064 95065 95061 95063 95067,1840021579
279,Merced,Merced,CA,California,6047,Merced,37.3057,-120.4779,159942,1527.3,shape,False,True,America/Los_Angeles,2,95340 95348 95341 95343,1840020313
280,Corona,Corona,CA,California,6065,Riverside,33.8616,-117.5649,159670,1545.4,shape,False,True,America/Los_Angeles,2,92879 92880 92881 92882 92877 92878,1840019305
281,Hayward,Hayward,CA,California,6001,Alameda,37.6328,-122.0766,158801,1338.2,shape,False,True,America/Los_Angeles,2,94587 94541 94542 94544 94545 94540 94543 94557,1840020293
288,Roseville,Roseville,CA,California,6061,Placer,38.7703,-121.3196,155955,1365.8,shape,False,True,America/Los_Angeles,2,95661 95747 95678,1840020233
292,Sunnyvale,Sunnyvale,CA,California,6085,Santa Clara,37.3836,-122.0255,154236,2699.5,shape,False,True,America/Los_Angeles,2,94085 94089 94087 94086 94088,1840021573
297,Fairfield,Fairfield,CA,California,6095,Solano,38.2583,-122.0335,151672,1121.4,shape,False,True,America/Los_Angeles,2,94534 94535 94533,1840020253
301,Escondido,Escondido,CA,California,6073,San Diego,33.1348,-117.0723,149668,1547.1,shape,False,True,America/Los_Angeles,2,92026 92025 92029 92027 92030 92033 92046,1840020620
308,Pomona,Pomona,CA,California,6037,Los Angeles,34.0585,-117.7626,147943,2485.2,shape,False,True,America/Los_Angeles,2,91767 91768 91766 91769,1840020507
314,Santa Maria,Santa Maria,CA,California,6083,Santa Barbara,34.9333,-120.4431,144941,1869.8,shape,False,True,America/Los_Angeles,2,93454 93455 93458,1840021830
317,Torrance,Torrance,CA,California,6037,Los Angeles,33.8346,-118.3416,142130,2674.8,shape,False,True,America/Los_Angeles,2,90504 90505 90501 90503 90277 90507 90508 90509 90510,1840021873
318,Fullerton,Fullerton,CA,California,6059,Orange,33.8841,-117.9279,140968,2427.6,shape,False,True,America/Los_Angeles,2,92833 92831 92832 92835 92834 92836 92837 92838,1840020576
327,Orange,Orange,CA,California,6059,Orange,33.8038,-117.8218,138266,2079.9,shape,False,True,America/Los_Angeles,2,92866 92865 92867 92868 92869 92856 92857 92863 92864,1840020582
333,Pasadena,Pasadena,CA,California,6037,Los Angeles,34.1597,-118.139,136969,2303.3,shape,False,True,America/Los_Angeles,2,91125 91101 91105 91106 91104 91103 91107 91102 91109 91114 91115 91116 91117 91110 91121 91123 91124 91126 91129 91182 91184 91188 91189 91199,1840020505
349,Santa Clara,Santa Clara,CA,California,6085,Santa Clara,37.3646,-121.968,130256,2751.7,shape,False,True,America/Los_Angeles,2,95053 95051 95054 95050 95052 95055 95056,1840021571
360,Simi Valley,Simi Valley,CA,California,6111,Ventura,34.2663,-118.749,127125,1167.5,shape,False,True,America/Los_Angeles,2,93065 93063 93062 93094 93099,1840021843
364,Clovis,Clovis,CA,California,6019,Fresno,36.8278,-119.683,124725,1834.1,shape,False,True,America/Los_Angeles,2,93619 93611 93612 93613 93747,1840018944
365,Yuba City,Yuba City,CA,California,6101,Sutter,39.1357,-121.6383,124653,1618.8,shape,False,True,America/Los_Angeles,2,95993 95991,1840021463
366,Seaside,Seaside,CA,California,6053,Monterey,36.6224,-121.8199,124566,1376.5,shape,False,True,America/Los_Angeles,2,93955,1840021634
379,Berkeley,Berkeley,CA,California,6001,Alameda,37.8722,-122.276,120257,4450.9,shape,False,True,America/Los_Angeles,2,94709 94702 94707 94705 94710 94720 94708 94704 94703 94701 94712,1840018914
389,Redding,Redding,CA,California,6089,Shasta,40.5698,-122.365,117275,606.5,shape,False,True,America/Los_Angeles,2,96003 96001 96002,1840020141
393,Gilroy,Gilroy,CA,California,6085,Santa Clara,37.0046,-121.5854,116882,1377.7,shape,False,True,America/Los_Angeles,2,95020,1840020327
397,Richmond,Richmond,CA,California,6013,Contra Costa,37.9477,-122.3389,115505,1484.5,shape,False,True,America/Los_Angeles,2,94801 94804 94805 94806 94803 94530 94802 94807 94808 94850,1840020277
400,Carlsbad,Carlsbad,CA,California,6073,San Diego,33.1246,-117.2834,114373,1167.9,shape,False,True,America/Los_Angeles,2,92008 92010 92011 92009 92013 92018,1840019352
407,Murrieta,Murrieta,CA,California,6065,Riverside,33.5719,-117.1909,112064,1222.3,shape,False,True,America/Los_Angeles,2,92562 92563,1840020553
410,East Los Angeles,East Los Angeles,CA,California,6037,Los Angeles,34.0326,-118.1691,111647,5783.8,shape,False,False,America/Los_Angeles,2,90063 90023 90022,1840019206
413,Temecula,Temecula,CA,California,6065,Riverside,33.4928,-117.1315,111167,1154.5,shape,False,True,America/Los_Angeles,2,92590 92592 92591 92589 92593,1840021937
415,Downey,Downey,CA,California,6037,Los Angeles,33.9379,-118.1311,110939,3451.8,shape,False,True,America/Los_Angeles,2,90240 90242 90241 90239,1840019245
417,Costa Mesa,Costa Mesa,CA,California,6059,Orange,33.6667,-117.9135,110330,2695.1,shape,False,True,America/Los_Angeles,2,92626 92627 92628,1840019326
418,Menifee,Menifee,CA,California,6065,Riverside,33.6909,-117.1849,110305,916.6,shape,False,True,America/Los_Angeles,2,92586 92584 92585 92587 92564,1840022903
420,Sparks,Sparks,NV,Nevada,32031,Washoe,39.5736,-119.7161,110024,1164.0,shape,False,True,America/Los_Angeles,2,89434 89436 89431 89432 89435,1840021337
424,San Buenaventura,San Buenaventura,CA,California,6111,Ventura,34.2741,-119.2314,109857,1939.2,shape,False,True,America/Los_Angeles,2,93001 93004 93003 93002 93005 93006 93007 93009,1840037414
429,Chico,Chico,CA,California,6007,Butte,39.7578,-121.8161,108267,1147.9,shape,False,True,America/Los_Angeles,2,95928 95973 95929 95926 95927 95976,1840018778
437,West Covina,West Covina,CA,California,6037,Los Angeles,34.0555,-117.9113,107037,2577.1,shape,False,True,America/Los_Angeles,2,91792 91790 91791 91793,1840021876
438,Jurupa Valley,Jurupa Valley,CA,California,6065,Riverside,34.001,-117.4706,107011,962.2,shape,False,True,America/Los_Angeles,2,91752 92509 92519,1840043419
442,El Monte,El Monte,CA,California,6037,Los Angeles,34.0739,-118.0291,106109,4286.7,shape,False,True,America/Los_Angeles,2,91732 91731 91733 91734 91735,1840020480
447,Inglewood,Inglewood,CA,California,6037,Los Angeles,33.9566,-118.3444,104569,4452.7,shape,False,True,America/Los_Angeles,2,90301 90304 90303 90302 90305 90306 90307 90308 90309 90312 90311,1840019237
449,Burbank,Burbank,CA,California,6037,Los Angeles,34.1879,-118.3235,104546,2331.1,shape,False,True,America/Los_Angeles,2,91501 91502 91505 91506 91504 91503 91507 91508 91510 91521 91522 91523,1840019233
450,El Cajon,El Cajon,CA,California,6073,San Diego,32.8017,-116.9604,104449,2779.4,shape,False,True,America/Los_Angeles,2,92020 92021 92019,1840020618
452,Rialto,Rialto,CA,California,6071,San Bernardino,34.1175,-117.3892,104143,1669.0,shape,False,True,America/Los_Angeles,2,92377 92316 92376,1840020407
457,San Mateo,San Mateo,CA,California,6081,San Mateo,37.5522,-122.3121,103105,3280.8,shape,False,True,America/Los_Angeles,2,94401 94402 94404 94403 94497,1840021551
458,Vacaville,Vacaville,CA,California,6095,Solano,38.3587,-121.9673,102596,1326.2,shape,False,True,America/Los_Angeles,2,95688 95687,1840021498
465,Daly City,Daly City,CA,California,6081,San Mateo,37.6862,-122.4685,101964,5146.5,shape,False,True,America/Los_Angeles,2,94014 94015 94016 94017,1840018926
468,Hesperia,Hesperia,CA,California,6071,San Bernardino,34.3975,-117.3147,100775,535.3,shape,False,True,America/Los_Angeles,2,92345 92344 92340,1840020404
472,Norwalk,Norwalk,CA,California,6037,Los Angeles,33.9069,-118.0829,99789,3969.0,shape,False,True,America/Los_Angeles,2,90650 90651 90652,1840020501
477,Vista,Vista,CA,California,6073,San Diego,33.1896,-117.2386,99114,2017.2,shape,False,True,America/Los_Angeles,2,92083 92084 92081 92085,1840021994
489,Tracy,Tracy,CA,California,6077,San Joaquin,37.7269,-121.4523,96966,1421.5,shape,False,True,America/Los_Angeles,3,95304 95376 95377,1840021518
493,Arden-Arcade,Arden-Arcade,CA,California,6067,Sacramento,38.6017,-121.3845,94994,2307.4,shape,False,True,America/Los_Angeles,2,95821 95825 95864 95860 95865 95866,1840036690
494,San Marcos,San Marcos,CA,California,6073,San Diego,33.135,-117.1743,94882,1491.0,shape,False,True,America/Los_Angeles,3,92096 92069 92078 92079,1840021991
497,Manteca,Manteca,CA,California,6077,San Joaquin,37.7927,-121.2264,94158,1579.5,shape,False,True,America/Los_Angeles,3,95336 95337,1840020265
503,Carson,Carson,CA,California,6037,Los Angeles,33.8374,-118.2559,92871,1914.4,shape,False,True,America/Los_Angeles,3,90747 90810 90248 90745 90746 90224 90749 90895,1840019214
504,Compton,Compton,CA,California,6037,Los Angeles,33.893,-118.2274,92698,3569.6,shape,False,True,America/Los_Angeles,2,90220 90221 90222 90223,1840019240
505,Chino,Chino,CA,California,6071,San Bernardino,33.9836,-117.6654,92652,1209.6,shape,False,True,America/Los_Angeles,3,91710 91708,1840019114
512,South Gate,South Gate,CA,California,6037,Los Angeles,33.9447,-118.1926,91483,4880.5,shape,False,True,America/Los_Angeles,2,90280,1840021870
513,Santa Monica,Santa Monica,CA,California,6037,Los Angeles,34.0235,-118.481,91169,4186.1,shape,False,True,America/Los_Angeles,2,90405 90403 90401 90404 90402 90406 90407 90408 90409 90411 90410,1840021866
520,Westminster,Westminster,CA,California,6059,Orange,33.7523,-117.9938,89860,3456.0,shape,False,True,America/Los_Angeles,2,92655 92683 92684 92685,1840021969
532,San Leandro,San Leandro,CA,California,6001,Alameda,37.7074,-122.1599,87826,2545.1,shape,False,True,America/Los_Angeles,2,94579 94577 94578 94622,1840021538
535,Citrus Heights,Citrus Heights,CA,California,6067,Sacramento,38.6948,-121.288,86995,2362.7,shape,False,True,America/Los_Angeles,2,95610 95621 95611,1840018845
537,Lake Forest,Lake Forest,CA,California,6059,Orange,33.6605,-117.6714,86281,1993.1,shape,False,True,America/Los_Angeles,3,92630 92610 92609,1840020591
538,Whittier,Whittier,CA,California,6037,Los Angeles,33.9678,-118.0188,86165,2271.1,shape,False,True,America/Los_Angeles,2,90602 90603 90601 90605 90606 90607 90608 90609,1840021878
541,San Ramon,San Ramon,CA,California,6013,Contra Costa,37.7624,-121.9365,85993,1655.2,shape,False,True,America/Los_Angeles,3,94582 94583,1840021530
544,Livermore,Livermore,CA,California,6001,Alameda,37.6868,-121.7607,85522,1242.8,shape,False,True,America/Los_Angeles,3,94551 94550,1840020294
547,Hawthorne,Hawthorne,CA,California,6037,Los Angeles,33.9147,-118.3476,85191,5403.3,shape,False,True,America/Los_Angeles,2,90304 90250 90251 90310,1840020486
553,Folsom,Folsom,CA,California,6067,Sacramento,38.6668,-121.1422,83916,1162.1,shape,False,True,America/Los_Angeles,3,95630 95671 95763,1840020246
555,Newport Beach,Newport Beach,CA,California,6059,Orange,33.6151,-117.8668,83845,1360.3,shape,False,True,America/Los_Angeles,3,92662 92661 92663 92657 92660 92625 92658 92659,1840020581
556,Mountain View,Mountain View,CA,California,6085,Santa Clara,37.4001,-122.0796,83732,2703.5,shape,False,True,America/Los_Angeles,2,94041 94040 94043 94039 94042,1840020332
563,Madera,Madera,CA,California,6039,Madera,36.963,-120.0778,83104,1329.0,shape,False,True,America/Los_Angeles,3,93637 93638 93639,1840020300
564,Buena Park,Buena Park,CA,California,6059,Orange,33.8572,-118.0046,82871,3039.5,shape,False,True,America/Los_Angeles,2,90621 90620 90622 90624,1840019324
570,Redwood City,Redwood City,CA,California,6081,San Mateo,37.5025,-122.2253,82447,1646.3,shape,False,True,America/Los_Angeles,3,94062 94061 94063 94065,1840020304
572,Napa,Napa,CA,California,6055,Napa,38.2975,-122.301,82103,1673.2,shape,False,True,America/Los_Angeles,3,94558 94559 94581,1840020241
575,Rancho Cordova,Rancho Cordova,CA,California,6067,Sacramento,38.5737,-121.2527,81849,914.2,shape,False,True,America/Los_Angeles,3,95827 95742 95670 95741,1840020248
581,Alhambra,Alhambra,CA,California,6037,Los Angeles,34.084,-118.1355,81022,4099.4,shape,False,True,America/Los_Angeles,2,91803 91801 91802 91804 91896 91899,1840019222
586,Perris,Perris,CA,California,6065,Riverside,33.7898,-117.2233,80511,984.9,shape,False,True,America/Los_Angeles,3,92570 92571 92572 92599,1840020557
598,Lakewood,Lakewood,CA,California,6037,Los Angeles,33.8471,-118.1222,79850,3281.9,shape,False,True,America/Los_Angeles,2,90715 90713 90712 90711 90714,1840020515
600,Turlock,Turlock,CA,California,6099,Stanislaus,37.5053,-120.8588,79611,1666.6,shape,False,True,America/Los_Angeles,3,95382 95380 95381,1840021533
603,Upland,Upland,CA,California,6071,San Bernardino,34.1178,-117.6604,79257,1963.6,shape,False,True,America/Los_Angeles,3,91784 91786 91785,1840021730
609,Tustin,Tustin,CA,California,6059,Orange,33.7311,-117.8107,78981,2741.5,shape,False,True,America/Los_Angeles,2,92780 92782 92623 92781,1840021967
610,Milpitas,Milpitas,CA,California,6085,Santa Clara,37.4336,-121.8921,78578,2250.5,shape,False,True,America/Los_Angeles,2,95035,1840020329
616,Chino Hills,Chino Hills,CA,California,6071,San Bernardino,33.9508,-117.7254,77927,673.9,shape,False,True,America/Los_Angeles,3,91709,1840019115
619,Davis,Davis,CA,California,6113,Yolo,38.5553,-121.737,77858,2593.4,shape,False,True,America/Los_Angeles,2,95618 95616 95617,1840018833
624,Alameda,Alameda,CA,California,6001,Alameda,37.7668,-122.267,77238,2867.7,shape,False,True,America/Los_Angeles,2,94502 94501,1840018913
627,Pleasanton,Pleasanton,CA,California,6001,Alameda,37.6663,-121.8805,76960,1230.8,shape,False,True,America/Los_Angeles,3,94588 94566,1840020298
628,Carmichael,Carmichael,CA,California,6067,Sacramento,38.6318,-121.3263,76948,1937.5,shape,False,False,America/Los_Angeles,3,95841 95608 95628 95609,1840017579
629,Camarillo,Camarillo,CA,California,6111,Ventura,34.223,-119.0321,76945,1376.6,shape,False,True,America/Los_Angeles,3,93012 93010 93011,1840019201
631,Bellflower,Bellflower,CA,California,6037,Los Angeles,33.888,-118.1271,76819,4848.6,shape,False,True,America/Los_Angeles,2,90706 90707,1840019230
640,Pittsburg,Pittsburg,CA,California,6013,Contra Costa,38.0182,-121.8965,76257,1665.7,shape,False,True,America/Los_Angeles,3,94565,1840020282
645,Apple Valley,Apple Valley,CA,California,6071,San Bernardino,34.5352,-117.2109,75473,378.4,shape,False,True,America/Los_Angeles,3,92307 92308,1840021733
651,Lodi,Lodi,CA,California,6077,San Joaquin,38.1218,-121.2932,75044,1908.0,shape,False,True,America/Los_Angeles,3,95242 95240,1840020263
663,Redlands,Redlands,CA,California,6071,San Bernardino,34.0512,-117.1712,73375,786.9,shape,False,True,America/Los_Angeles,3,92373 92359 92374 92346 92375,1840020412
665,Rocklin,Rocklin,CA,California,6061,Placer,38.8075,-121.2489,73327,1426.9,shape,False,True,America/Los_Angeles,3,95765 95677,1840020232
679,Lake Elsinore,Lake Elsinore,CA,California,6065,Riverside,33.6847,-117.3344,72461,731.1,shape,False,True,America/Los_Angeles,3,92570 92532 92530,1840020560
700,Tulare,Tulare,CA,California,6107,Tulare,36.1995,-119.34,70945,1320.7,shape,False,True,America/Los_Angeles,3,93274 93275,1840021638
701,Dublin,Dublin,CA,California,6001,Alameda,37.7161,-121.8963,70803,1795.1,shape,False,True,America/Los_Angeles,3,94568,1840018916
703,Eastvale,Eastvale,CA,California,6065,Riverside,33.9617,-117.5803,70633,2151.0,shape,False,True,America/Los_Angeles,2,92880 91752,1840028421
708,Baldwin Park,Baldwin Park,CA,California,6037,Los Angeles,34.0829,-117.9722,70138,4083.2,shape,False,True,America/Los_Angeles,2,91706,1840019227
710,Walnut Creek,Walnut Creek,CA,California,6013,Contra Costa,37.9024,-122.0399,70088,1369.5,shape,False,True,America/Los_Angeles,3,94595 94598 94597 94596,1840021531
713,Porterville,Porterville,CA,California,6107,Tulare,36.0643,-119.0338,69819,1295.6,shape,False,True,America/Los_Angeles,3,93257,1840020368
717,Redondo Beach,Redondo Beach,CA,California,6037,Los Angeles,33.8577,-118.3765,69291,4316.7,shape,False,True,America/Los_Angeles,2,90278 90277,1840020509
720,Watsonville,Watsonville,CA,California,6087,Santa Cruz,36.9206,-121.7708,69089,2942.1,shape,False,True,America/Los_Angeles,2,95076 95019 95077,1840021581
726,Hanford,Hanford,CA,California,6031,Kings,36.3274,-119.6549,68594,1286.9,shape,False,True,America/Los_Angeles,3,93230,1840020382
740,Union City,Union City,CA,California,6001,Alameda,37.6032,-122.0181,67464,1342.8,shape,False,True,America/Los_Angeles,3,94552 94587,1840021539
742,El Paso de Robles,El Paso de Robles,CA,California,6079,San Luis Obispo,35.6394,-120.656,67346,609.7,shape,False,True,America/Los_Angeles,3,93446 93447,1840074847
743,Palo Alto,Palo Alto,CA,California,6085,Santa Clara,37.3905,-122.1468,67237,1079.4,shape,False,True,America/Los_Angeles,3,94022 94306 94301 94028 94303 94304 94302,1840020333
744,Yorba Linda,Yorba Linda,CA,California,6059,Orange,33.889,-117.7714,67170,1299.8,shape,False,True,America/Los_Angeles,3,92887 92886 92885,1840021970
769,Brentwood,Brentwood,CA,California,6013,Contra Costa,37.9356,-121.719,65208,1693.7,shape,False,True,America/Los_Angeles,3,94513,1840018904
771,Castro Valley,Castro Valley,CA,California,6001,Alameda,37.7088,-122.0626,65001,1489.6,shape,False,False,America/Los_Angeles,3,94552 94578 94546,1840017620
775,Lynwood,Lynwood,CA,California,6037,Los Angeles,33.924,-118.2016,64578,5150.9,shape,False,True,America/Los_Angeles,2,90262,1840020492
780,South San Francisco,South San Francisco,CA,California,6081,San Mateo,37.6538,-122.4196,64305,2697.5,shape,False,True,America/Los_Angeles,2,94080 94083,1840021552
781,Laguna Niguel,Laguna Niguel,CA,California,6059,Orange,33.5275,-117.705,64139,1680.5,shape,False,True,America/Los_Angeles,3,92677 92607,1840020589
788,San Clemente,San Clemente,CA,California,6059,Orange,33.4499,-117.6102,63273,1330.9,shape,False,True,America/Los_Angeles,3,92672 92673 92674,1840021962
800,La Habra,La Habra,CA,California,6059,Orange,33.9282,-117.9515,61970,3163.2,shape,False,True,America/Los_Angeles,2,90631 90632 90633,1840020585
802,Woodland,Woodland,CA,California,6113,Yolo,38.6712,-121.75,61854,1559.4,shape,False,True,America/Los_Angeles,3,95695 95776,1840021485
808,Encinitas,Encinitas,CA,California,6073,San Diego,33.0492,-117.261,61480,1245.7,shape,False,True,America/Los_Angeles,3,92007 92075 92024,1840020619
811,Montebello,Montebello,CA,California,6037,Los Angeles,34.0155,-118.1108,61045,2830.2,shape,False,True,America/Los_Angeles,2,90640,1840020499
814,La Mesa,La Mesa,CA,California,6073,San Diego,32.7703,-117.0204,60797,2581.9,shape,False,True,America/Los_Angeles,2,91942 91941 91943 91944,1840020625
815,Florence-Graham,Florence-Graham,CA,California,6037,Los Angeles,33.9682,-118.2447,60690,6677.2,shape,False,True,America/Los_Angeles,2,90002 90001,1840037057
819,San Rafael,San Rafael,CA,California,6041,Marin,37.9905,-122.5221,60433,1406.7,shape,False,True,America/Los_Angeles,3,94901 94903 94912 94915,1840021513
824,Pico Rivera,Pico Rivera,CA,California,6037,Los Angeles,33.9901,-118.0888,60272,2798.6,shape,False,True,America/Los_Angeles,2,90660 90661 90662,1840020506
829,Gardena,Gardena,CA,California,6037,Los Angeles,33.8943,-118.3072,59422,3935.9,shape,False,True,America/Los_Angeles,2,90247 90249,1840020482
832,Santee,Santee,CA,California,6073,San Diego,32.8554,-116.9851,59332,1385.2,shape,False,True,America/Los_Angeles,3,92040 92071,1840021992
833,Petaluma,Petaluma,CA,California,6097,Sonoma,38.2423,-122.6266,59247,1586.9,shape,False,True,America/Los_Angeles,3,94952 94954 94953,1840020244
836,Monterey Park,Monterey Park,CA,California,6037,Los Angeles,34.0497,-118.1326,59132,2975.8,shape,False,True,America/Los_Angeles,2,91755 91754 91756,1840020500
839,National City,National City,CA,California,6073,San Diego,32.6654,-117.0983,58893,3094.6,shape,False,True,America/Los_Angeles,2,92136 91950 91951,1840020622
844,Cupertino,Cupertino,CA,California,6085,Santa Clara,37.3168,-122.0466,58566,1994.1,shape,False,True,America/Los_Angeles,3,95014 95015 95108 95170,1840018950
846,Carson City,Carson City,NV,Nevada,32510,Carson City,39.1511,-119.7476,58384,156.0,shape,False,True,America/Los_Angeles,2,89703 89701 89706 89711 89712 89713 89714,1840003826
870,Highland,Highland,CA,California,6071,San Bernardino,34.1113,-117.165,56675,1178.3,shape,False,True,America/Los_Angeles,3,92410 92359 92346,1840020405
873,Beaumont,Beaumont,CA,California,6065,Riverside,33.9076,-116.9766,56266,716.2,shape,False,True,America/Los_Angeles,3,92223,1840019298
874,Fountain Valley,Fountain Valley,CA,California,6059,Orange,33.7105,-117.9514,56258,2394.6,shape,False,True,America/Los_Angeles,2,92708 92728,1840020575
881,South Whittier,South Whittier,CA,California,6037,Los Angeles,33.9336,-118.0312,55650,4025.4,shape,False,False,America/Los_Angeles,2,90605 90604,1840019209
888,San Jacinto,San Jacinto,CA,California,6065,Riverside,33.797,-116.9916,55180,823.4,shape,False,True,America/Los_Angeles,3,92583 92582 92581,1840021936
889,Arcadia,Arcadia,CA,California,6037,Los Angeles,34.1342,-118.0373,55170,1949.4,shape,False,True,America/Los_Angeles,3,91007 91006 91066 91077,1840019223
890,West Sacramento,West Sacramento,CA,California,6113,Yolo,38.5557,-121.5505,54927,987.8,shape,False,True,America/Los_Angeles,3,95605 95691 95798 95899 95799,1840021483
895,Yucaipa,Yucaipa,CA,California,6071,San Bernardino,34.0336,-117.0429,54421,743.6,shape,False,True,America/Los_Angeles,3,92399,1840021732
898,Hacienda Heights,Hacienda Heights,CA,California,6037,Los Angeles,33.997,-117.9727,54291,1879.6,shape,False,False,America/Los_Angeles,3,91745 91716,1840017921
901,Colton,Colton,CA,California,6071,San Bernardino,34.0538,-117.3255,53772,1328.5,shape,False,True,America/Los_Angeles,3,92324,1840019120
905,Diamond Bar,Diamond Bar,CA,California,6037,Los Angeles,33.9992,-117.8161,53355,1384.6,shape,False,True,America/Los_Angeles,3,91765 91789,1840019244
910,Huntington Park,Huntington Park,CA,California,6037,Los Angeles,33.98,-118.2167,53108,6817.5,shape,False,True,America/Los_Angeles,2,90255,1840019235
913,Lincoln,Lincoln,CA,California,6061,Placer,38.8774,-121.2937,52956,833.4,shape,False,True,America/Los_Angeles,3,95648,1840020231
918,Placentia,Placentia,CA,California,6059,Orange,33.8807,-117.8553,52826,3029.6,shape,False,True,America/Los_Angeles,2,92870 92811 92871,1840020583
921,Novato,Novato,CA,California,6041,Marin,38.092,-122.5575,52546,741.3,shape,False,True,America/Los_Angeles,3,94949 94945 94947 94998,1840020260
924,Cathedral City,Cathedral City,CA,California,6065,Riverside,33.8362,-116.4642,52267,897.9,shape,False,True,America/Los_Angeles,3,92276 92234 92235,1840019293
925,Paramount,Paramount,CA,California,6037,Los Angeles,33.8977,-118.1651,52050,4252.2,shape,False,True,America/Los_Angeles,2,90723,1840020504
928,Palm Desert,Palm Desert,CA,California,6065,Riverside,33.7378,-116.3695,51990,749.7,shape,False,True,America/Los_Angeles,3,92211 92260 92255,1840020555
933,Delano,Delano,CA,California,6029,Kern,35.7662,-119.2635,51679,1355.9,shape,False,True,America/Los_Angeles,3,93215,1840019151
942,Aliso Viejo,Aliso Viejo,CA,California,6059,Orange,33.5792,-117.7289,51113,2849.5,shape,False,True,America/Los_Angeles,2,92656,1840019321
945,El Dorado Hills,El Dorado Hills,CA,California,6017,El Dorado,38.675,-121.049,51026,406.5,shape,False,False,America/Los_Angeles,3,95762 95682,1840017565
949,Glendora,Glendora,CA,California,6037,Los Angeles,34.1449,-117.8467,50926,1007.8,shape,False,True,America/Los_Angeles,3,91740 91741,1840020484
954,Florin,Florin,CA,California,6067,Sacramento,38.4832,-121.4043,50211,2231.6,shape,False,False,America/Los_Angeles,2,95828 95823,1840017581
958,Rosemead,Rosemead,CA,California,6037,Los Angeles,34.0689,-118.0823,50013,3741.1,shape,False,True,America/Los_Angeles,2,91770 91771 91772,1840020495
960,Covina,Covina,CA,California,6037,Los Angeles,34.0903,-117.8818,49888,2738.0,shape,False,True,America/Los_Angeles,2,91722 91723 91724,1840019241
969,Cypress,Cypress,CA,California,6059,Orange,33.8171,-118.0386,49498,2889.5,shape,False,True,America/Los_Angeles,2,90630,1840019327
971,Ceres,Ceres,CA,California,6099,Stanislaus,37.5952,-120.962,49342,2005.6,shape,False,True,America/Los_Angeles,2,95358 95307 95351,1840018910
980,Azusa,Azusa,CA,California,6037,Los Angeles,34.1386,-117.9124,49031,1959.4,shape,False,True,America/Los_Angeles,3,91702 91010,1840019226
984,Poway,Poway,CA,California,6073,San Diego,32.9871,-117.0201,48713,481.3,shape,False,True,America/Los_Angeles,3,92064 92074,1840020624
987,San Luis Obispo,San Luis Obispo,CA,California,6079,San Luis Obispo,35.2669,-120.669,48491,1372.6,shape,False,True,America/Los_Angeles,3,93405 93401 93403 93406,1840021734
990,Antelope,Antelope,CA,California,6067,Sacramento,38.7153,-121.361,48301,2728.0,shape,False,False,America/Los_Angeles,2,95843,1840022490
996,North Highlands,North Highlands,CA,California,6067,Sacramento,38.6713,-121.3721,47957,2102.2,shape,False,False,America/Los_Angeles,2,95841 95660,1840018841
998,Cerritos,Cerritos,CA,California,6037,Los Angeles,33.8678,-118.0686,47867,2117.8,shape,False,True,America/Los_Angeles,2,90703,1840019215
1003,Los Banos,Los Banos,CA,California,6047,Merced,37.063,-120.8406,47593,1838.2,shape,False,True,America/Los_Angeles,3,93635,1840020312
1004,Brea,Brea,CA,California,6059,Orange,33.9254,-117.8655,47469,1449.0,shape,False,True,America/Los_Angeles,3,92821 92823 92822,1840019323
1006,Pahrump,Pahrump,NV,Nevada,32023,Nye,36.2235,-115.9974,47347,55.6,shape,False,False,America/Los_Angeles,3,89061 89060 89048 89041,1840018821
1008,Whitney,Whitney,NV,Nevada,32003,Clark,36.1008,-115.0379,47221,2677.1,shape,False,False,America/Los_Angeles,2,89122,1840033834
1009,La Mirada,La Mirada,CA,California,6037,Los Angeles,33.9025,-118.0093,47180,2328.4,shape,False,True,America/Los_Angeles,2,90639 90638 90637,1840020512
1015,Rancho Santa Margarita,Rancho Santa Margarita,CA,California,6059,Orange,33.6318,-117.5988,46990,1403.4,shape,False,True,America/Los_Angeles,3,92679 92688,1840020584
1016,Newark,Newark,CA,California,6001,Alameda,37.5201,-122.0307,46903,1301.0,shape,False,True,America/Los_Angeles,3,94560,1840020295
1030,Rowland Heights,Rowland Heights,CA,California,6037,Los Angeles,33.9716,-117.8912,45911,1355.6,shape,False,False,America/Los_Angeles,3,91748 91789,1840019211
1041,Morgan Hill,Morgan Hill,CA,California,6085,Santa Clara,37.1325,-121.6419,45425,1355.6,shape,False,True,America/Los_Angeles,3,95037,1840020331
1043,French Valley,French Valley,CA,California,6065,Riverside,33.5999,-117.1069,45269,1607.8,shape,False,True,America/Los_Angeles,3,92596 92563,1840075867
1046,Oakley,Oakley,CA,California,6013,Contra Costa,37.9929,-121.6952,45183,1099.6,shape,False,True,America/Los_Angeles,3,94561,1840020279
1049,Palm Springs,Palm Springs,CA,California,6065,Riverside,33.8017,-116.5382,45070,184.1,shape,False,True,America/Los_Angeles,3,92282 92264 92262 92258 92263,1840020556
1063,Rohnert Park,Rohnert Park,CA,California,6097,Sonoma,38.3479,-122.6965,44575,2362.2,shape,False,True,America/Los_Angeles,2,94928 94927,1840020243
1070,El Centro,El Centro,CA,California,6025,Imperial,32.7865,-115.5595,44240,1409.7,shape,False,True,America/Los_Angeles,3,92243 92244,1840020630
1080,Hollister,Hollister,CA,California,6069,San Benito,36.8555,-121.3986,43811,2124.4,shape,False,True,America/Los_Angeles,2,95023 95024,1840020354
1082,Vineyard,Vineyard,CA,California,6067,Sacramento,38.474,-121.324,43751,901.0,shape,False,False,America/Los_Angeles,3,95828 95830 95829,1840018846
1083,Lompoc,Lompoc,CA,California,6083,Santa Barbara,34.6618,-120.4714,43646,1449.8,shape,False,True,America/Los_Angeles,3,93436 93438,1840020468
1091,Danville,Danville,CA,California,6013,Contra Costa,37.8121,-121.9698,43401,927.0,shape,False,True,America/Los_Angeles,3,94506 94526,1840021532
1094,Coachella,Coachella,CA,California,6065,Riverside,33.6905,-116.143,43307,558.9,shape,False,True,America/Los_Angeles,3,92236,1840019294
1098,Campbell,Campbell,CA,California,6085,Santa Clara,37.2802,-121.9539,42781,2716.3,shape,False,True,America/Los_Angeles,2,95008 95009 95011,1840018949
1108,San Bruno,San Bruno,CA,California,6081,San Mateo,37.6256,-122.4313,42307,2976.2,shape,False,True,America/Los_Angeles,2,94066,1840021549
1123,Altadena,Altadena,CA,California,6037,Los Angeles,34.1927,-118.1346,41705,1902.2,shape,False,False,America/Los_Angeles,3,91001 91104 91003,1840017918
1139,Rancho Palos Verdes,Rancho Palos Verdes,CA,California,6037,Los Angeles,33.7554,-118.3634,40864,1171.1,shape,False,True,America/Los_Angeles,3,90275,1840020508
1171,Culver City,Culver City,CA,California,6037,Los Angeles,34.0058,-118.3968,39931,3016.1,shape,False,True,America/Los_Angeles,2,90232 90230 90231 90134,1840019243
1186,Stanton,Stanton,CA,California,6059,Orange,33.8003,-117.9935,39402,4903.3,shape,False,True,America/Los_Angeles,2,92804 90680,1840021966
1202,La Quinta,La Quinta,CA,California,6065,Riverside,33.6536,-116.2785,38707,423.4,shape,False,True,America/Los_Angeles,3,92253 92202 92247 92248,1840020559
1209,Calexico,Calexico,CA,California,6025,Imperial,32.6849,-115.4944,38585,1759.6,shape,False,True,America/Los_Angeles,3,92231 92232,1840019379
1214,San Gabriel,San Gabriel,CA,California,6037,Los Angeles,34.0949,-118.099,38392,3577.2,shape,False,True,America/Los_Angeles,2,91776 91775 91778,1840021862
1219,Bell Gardens,Bell Gardens,CA,California,6037,Los Angeles,33.9663,-118.155,38229,6002.7,shape,False,True,America/Los_Angeles,2,90201 90202,1840019229
1224,Adelanto,Adelanto,CA,California,6071,San Bernardino,34.5814,-117.4397,37964,277.3,shape,False,True,America/Los_Angeles,3,92301,1840019117
1235,Montclair,Montclair,CA,California,6071,San Bernardino,34.0715,-117.6981,37810,2639.4,shape,False,True,America/Los_Angeles,2,91763,1840020408
1240,Monrovia,Monrovia,CA,California,6037,Los Angeles,34.165,-117.9921,37571,1064.1,shape,False,True,America/Los_Angeles,3,91016 91017 91185,1840020498
1251,Wildomar,Wildomar,CA,California,6065,Riverside,33.6173,-117.2582,37277,606.2,shape,False,True,America/Los_Angeles,3,92595,1840022902
1252,Pacifica,Pacifica,CA,California,6081,San Mateo,37.6113,-122.4782,37261,1143.3,shape,False,True,America/Los_Angeles,3,94044,1840020307
1256,La Puente,La Puente,CA,California,6037,Los Angeles,34.0323,-117.9533,37142,4122.7,shape,False,True,America/Los_Angeles,2,91744 91746 91747 91749,1840020513
1262,Winchester,Winchester,NV,Nevada,32003,Clark,36.1365,-115.137,37081,2887.5,shape,False,False,America/Los_Angeles,2,89121 89109 89169 89199,1840033770
1264,Martinez,Martinez,CA,California,6013,Contra Costa,37.9985,-122.1161,36903,1127.0,shape,False,True,America/Los_Angeles,3,94553,1840020278
1275,Claremont,Claremont,CA,California,6037,Los Angeles,34.1259,-117.7153,36595,1059.6,shape,False,True,America/Los_Angeles,3,91711,1840019216
1282,Foothill Farms,Foothill Farms,CA,California,6067,Sacramento,38.6867,-121.3475,36435,3349.1,shape,False,False,America/Los_Angeles,2,95841 95842,1840017582
1294,Orangevale,Orangevale,CA,California,6067,Sacramento,38.6881,-121.2209,35958,1212.4,shape,False,False,America/Los_Angeles,3,95662,1840018842
1303,Moorpark,Moorpark,CA,California,6111,Ventura,34.2861,-118.8768,35854,1127.6,shape,False,True,America/Los_Angeles,3,93021 93020,1840020472
1325,Temple City,Temple City,CA,California,6037,Los Angeles,34.1022,-118.0579,35430,3415.7,shape,False,True,America/Los_Angeles,2,91780,1840021872
1333,San Juan Capistrano,San Juan Capistrano,CA,California,6059,Orange,33.5008,-117.6544,35095,939.0,shape,False,True,America/Los_Angeles,3,92675 92693,1840021963
1335,Lathrop,Lathrop,CA,California,6077,San Joaquin,37.809,-121.3131,35052,682.6,shape,False,True,America/Los_Angeles,3,95330 95231,1840020266
1339,La Presa,La Presa,CA,California,6073,San Diego,32.711,-117.0027,34962,2455.5,shape,False,False,America/Los_Angeles,2,91977,1840018023
1341,West Hollywood,West Hollywood,CA,California,6037,Los Angeles,34.0883,-118.3719,34884,7135.5,shape,False,True,America/Los_Angeles,2,90048 90046 90069,1840028098
1346,Oildale,Oildale,CA,California,6029,Kern,35.4293,-119.0306,34687,1693.3,shape,False,False,America/Los_Angeles,3,93308 93388,1840019137
1370,Pleasant Hill,Pleasant Hill,CA,California,6013,Contra Costa,37.9539,-122.0759,34235,1868.3,shape,False,True,America/Los_Angeles,3,94523,1840020283
1372,Manhattan Beach,Manhattan Beach,CA,California,6037,Los Angeles,33.8894,-118.3967,34210,3357.4,shape,False,True,America/Los_Angeles,2,90266 90267,1840020496
1377,Westmont,Westmont,CA,California,6037,Los Angeles,33.9417,-118.3018,34123,7132.6,shape,False,False,America/Los_Angeles,2,90044 90047,1840028408
1390,San Dimas,San Dimas,CA,California,6037,Los Angeles,34.1082,-117.809,33789,867.8,shape,False,True,America/Los_Angeles,3,91773,1840021860
1405,Desert Hot Springs,Desert Hot Springs,CA,California,6065,Riverside,33.955,-116.5429,33200,425.5,shape,False,True,America/Los_Angeles,3,92282 92240 92258,1840019306
1424,Fair Oaks,Fair Oaks,CA,California,6067,Sacramento,38.6504,-121.2496,32799,1164.3,shape,False,False,America/Los_Angeles,3,95628,1840017580
1425,Foster City,Foster City,CA,California,6081,San Mateo,37.5553,-122.2659,32792,3343.1,shape,False,True,America/Los_Angeles,2,94404,1840020302
1426,Dana Point,Dana Point,CA,California,6059,Orange,33.4733,-117.6967,32790,1952.0,shape,False,True,America/Los_Angeles,3,92624 92629,1840019328
1427,Los Gatos,Los Gatos,CA,California,6085,Santa Clara,37.2304,-121.9562,32786,1095.6,shape,False,True,America/Los_Angeles,3,95032 95030 95036,1840021575
1431,Menlo Park,Menlo Park,CA,California,6081,San Mateo,37.4685,-122.1673,32727,1264.9,shape,False,True,America/Los_Angeles,3,94025 94026,1840020305
1433,Goleta,Goleta,CA,California,6083,Santa Barbara,34.4361,-119.8594,32685,1607.1,shape,False,True,America/Los_Angeles,3,93117 93118,1840001783
1442,Bell,Bell,CA,California,6037,Los Angeles,33.9801,-118.1798,32476,4998.6,shape,False,True,America/Los_Angeles,2,90201 90205,1840019228
1455,Atwater,Atwater,CA,California,6047,Merced,37.3529,-120.5959,32162,1890.9,shape,False,True,America/Los_Angeles,3,95301,1840018934
1456,Fallbrook,Fallbrook,CA,California,6073,San Diego,33.3693,-117.2259,32112,706.8,shape,False,False,America/Los_Angeles,3,92028 92088,1840018019
1466,Spring Valley,Spring Valley,CA,California,6073,San Diego,32.7317,-116.9766,31969,1681.2,shape,False,False,America/Los_Angeles,3,91977 91978 91979,1840019343
1476,San Pablo,San Pablo,CA,California,6013,Contra Costa,37.9629,-122.3426,31720,4666.7,shape,False,True,America/Los_Angeles,2,94806,1840021529
1483,Beverly Hills,Beverly Hills,CA,California,6037,Los Angeles,34.0786,-118.4021,31624,2139.0,shape,False,True,America/Los_Angeles,2,90211 90212 90210 90209,1840019231
1487,Orcutt,Orcutt,CA,California,6083,Santa Barbara,34.8691,-120.4222,31454,1122.2,shape,False,False,America/Los_Angeles,3,93455 93457,1840019183
1489,Santa Paula,Santa Paula,CA,California,6111,Ventura,34.3545,-119.0656,31376,2190.6,shape,False,True,America/Los_Angeles,2,93060 93061,1840021842
1490,Summerlin South,Summerlin South,NV,Nevada,32003,Clark,36.1242,-115.3324,31354,1250.0,shape,False,True,America/Los_Angeles,3,89135,1840074790
1503,Banning,Banning,CA,California,6065,Riverside,33.946,-116.8992,31093,516.7,shape,False,True,America/Los_Angeles,3,92220,1840019297
1513,Lawndale,Lawndale,CA,California,6037,Los Angeles,33.8884,-118.3531,30781,6026.2,shape,False,True,America/Los_Angeles,2,90260,1840020517
1516,Laguna Hills,Laguna Hills,CA,California,6059,Orange,33.5918,-117.6991,30740,1812.4,shape,False,True,America/Los_Angeles,3,92653,1840020588
1517,Los Altos,Los Altos,CA,California,6085,Santa Clara,37.3684,-122.0965,30698,1812.4,shape,False,True,America/Los_Angeles,3,94022 94024 94023,1840020328
1520,La Verne,La Verne,CA,California,6037,Los Angeles,34.1207,-117.7703,30600,1402.8,shape,False,True,America/Los_Angeles,3,91750,1840020514
1523,Burlingame,Burlingame,CA,California,6081,San Mateo,37.5859,-122.3667,30525,2682.8,shape,False,True,America/Los_Angeles,2,94010 94011,1840018925
1532,Saratoga,Saratoga,CA,California,6085,Santa Clara,37.2684,-122.0263,30319,916.1,shape,False,True,America/Los_Angeles,3,95070 95071,1840021572
1544,Temescal Valley,Temescal Valley,CA,California,6065,Riverside,33.7581,-117.4677,30069,600.4,shape,False,True,America/Los_Angeles,3,92883,1840043023
1559,Atascadero,Atascadero,CA,California,6079,San Luis Obispo,35.4827,-120.6858,29712,440.0,shape,False,True,America/Los_Angeles,3,93422 93423,1840019126
1563,San Carlos,San Carlos,CA,California,6081,San Mateo,37.4982,-122.2677,29614,2112.7,shape,False,True,America/Los_Angeles,2,94070,1840021550
1564,Monterey,Monterey,CA,California,6053,Monterey,36.5919,-121.8808,29613,1322.6,shape,False,True,America/Los_Angeles,3,93940 93943 93944,1840020358
1581,Suisun City,Suisun City,CA,California,6095,Solano,38.2473,-122.0091,29286,2823.1,shape,False,True,America/Los_Angeles,2,94585,1840028115
1591,San Lorenzo,San Lorenzo,CA,California,6001,Alameda,37.6733,-122.1332,29171,3698.0,shape,False,False,America/Los_Angeles,2,94541 94580,1840018912
1595,East Palo Alto,East Palo Alto,CA,California,6081,San Mateo,37.4671,-122.1352,29069,4439.8,shape,False,True,America/Los_Angeles,2,94303,1840020301
1611,East Niles,East Niles,CA,California,6029,Kern,35.3683,-118.9225,28532,2018.5,shape,False,False,America/Los_Angeles,2,93306 93307,1840150304
1627,Eastern Goleta Valley,Eastern Goleta Valley,CA,California,6083,Santa Barbara,34.4448,-119.7879,28295,658.7,shape,False,False,America/Los_Angeles,3,93110 93111 93160,1840153163
1631,Ridgecrest,Ridgecrest,CA,California,6029,Kern,35.6308,-117.6622,28225,522.4,shape,False,True,America/Los_Angeles,3,93555 93556,1840020417
1660,Lemon Grove,Lemon Grove,CA,California,6073,San Diego,32.7331,-117.0344,27686,2756.0,shape,False,True,America/Los_Angeles,2,91945 91946,1840020621
1667,Walnut,Walnut,CA,California,6037,Los Angeles,34.0334,-117.8593,27611,1185.9,shape,False,True,America/Los_Angeles,3,91789 91788,1840021875
1683,Twentynine Palms,Twentynine Palms,CA,California,6071,San Bernardino,34.1478,-116.0659,27355,179.8,shape,False,True,America/Los_Angeles,3,92278 92277,1840021729
1684,Belmont,Belmont,CA,California,6081,San Mateo,37.5154,-122.2953,27337,2279.9,shape,False,True,America/Los_Angeles,2,94002,1840018924
1687,Brawley,Brawley,CA,California,6025,Imperial,32.9783,-115.5287,27283,1302.3,shape,False,True,America/Los_Angeles,3,92227,1840019378
1698,Lemoore,Lemoore,CA,California,6031,Kings,36.2949,-119.7983,27102,1068.7,shape,False,True,America/Los_Angeles,3,93245,1840020383
1716,Benicia,Benicia,CA,California,6095,Solano,38.0725,-122.1526,26749,806.0,shape,False,True,America/Los_Angeles,3,94510,1840018858
1722,Sanger,Sanger,CA,California,6019,Fresno,36.699,-119.5575,26699,1657.2,shape,False,True,America/Los_Angeles,3,93657,1840021566
1729,Wasco,Wasco,CA,California,6029,Kern,35.5938,-119.3671,26558,1092.3,shape,False,True,America/Los_Angeles,3,93280,1840021738
1742,Soledad,Soledad,CA,California,6053,Monterey,36.4432,-121.3426,26365,2282.3,shape,False,True,America/Los_Angeles,2,93960,1840021635
1748,Hercules,Hercules,CA,California,6013,Contra Costa,38.0064,-122.2564,26302,1583.6,shape,False,True,America/Los_Angeles,3,94547 94572,1840020276
1764,Windsor,Windsor,CA,California,6097,Sonoma,38.5422,-122.8089,26081,1354.1,shape,False,True,America/Los_Angeles,3,95492,1840022484
1766,South Pasadena,South Pasadena,CA,California,6037,Los Angeles,34.1103,-118.1573,26068,2952.6,shape,False,True,America/Los_Angeles,2,91030 91031,1840021871
1773,Eureka,Eureka,CA,California,6023,Humboldt,40.7943,-124.1564,26010,1049.7,shape,False,True,America/Los_Angeles,3,95503 95521 95501 95502 95534,1840009558
1776,El Cerrito,El Cerrito,CA,California,6013,Contra Costa,37.9196,-122.3025,25994,2733.4,shape,False,True,America/Los_Angeles,2,94530,1840020275
1779,Galt,Galt,CA,California,6067,Sacramento,38.2698,-121.3004,25962,1280.9,shape,False,True,America/Los_Angeles,3,95632,1840020247
1784,North Tustin,North Tustin,CA,California,6059,Orange,33.7636,-117.7947,25807,1514.1,shape,False,False,America/Los_Angeles,3,92705 92780 92711,1840019319
1790,Imperial Beach,Imperial Beach,CA,California,6073,San Diego,32.5693,-117.118,25764,2318.5,shape,False,True,America/Los_Angeles,2,91932 91933,1840019353
1796,Bloomington,Bloomington,CA,California,6071,San Bernardino,34.0601,-117.4013,25698,1634.4,shape,False,False,America/Los_Angeles,3,92316,1840017799
1801,West Whittier-Los Nietos,West Whittier-Los Nietos,CA,California,6037,Los Angeles,33.9759,-118.0689,25615,3924.0,shape,False,True,America/Los_Angeles,2,90606 90610,1840074745
1802,Reedley,Reedley,CA,California,6019,Fresno,36.5988,-119.4471,25609,1761.2,shape,False,True,America/Los_Angeles,3,93654,1840020320
1808,Mountain House,Mountain House,CA,California,6077,San Joaquin,37.7673,-121.5449,25513,2161.3,shape,False,False,America/Los_Angeles,2,95391,1840026768
1812,Dinuba,Dinuba,CA,California,6107,Tulare,36.5453,-119.3987,25475,1466.4,shape,False,True,America/Los_Angeles,3,93618,1840019044
1827,Lafayette,Lafayette,CA,California,6013,Contra Costa,37.8919,-122.1189,25285,649.8,shape,False,True,America/Los_Angeles,3,94549,1840020284
1835,Riverbank,Riverbank,CA,California,6099,Stanislaus,37.726,-120.9433,25166,2063.1,shape,False,True,America/Los_Angeles,2,95357 95367,1840020286
1838,Loma Linda,Loma Linda,CA,California,6071,San Bernardino,34.045,-117.2498,25122,1082.7,shape,False,True,America/Los_Angeles,3,92350 92354 92324 92373 92318 92357,1840020406
1842,Barstow,Barstow,CA,California,6071,San Bernardino,34.8661,-117.0471,25100,234.7,shape,False,True,America/Los_Angeles,3,92311,1840019118
1843,Norco,Norco,CA,California,6065,Riverside,33.9252,-117.5498,25054,698.0,shape,False,True,America/Los_Angeles,3,92860,1840020554
1870,Seal Beach,Seal Beach,CA,California,6059,Orange,33.7542,-118.0714,24722,844.4,shape,False,True,America/Los_Angeles,3,90743 90740,1840021965
1872,Patterson,Patterson,CA,California,6099,Stanislaus,37.4758,-121.1536,24693,1224.4,shape,False,True,America/Los_Angeles,3,95363,1840020290
1877,Selma,Selma,CA,California,6019,Fresno,36.5715,-119.6143,24659,1602.4,shape,False,True,America/Los_Angeles,3,93662,1840021567
1913,Maywood,Maywood,CA,California,6037,Los Angeles,33.9886,-118.1877,24317,8012.9,shape,False,True,America/Los_Angeles,2,90270,1840020497
1917,Bay Point,Bay Point,CA,California,6013,Contra Costa,38.0329,-121.9615,24231,1455.9,shape,False,False,America/Los_Angeles,3,94565,1840028316
1918,Fernley,Fernley,NV,Nevada,32019,Lyon,39.5627,-119.1906,24225,76.2,shape,False,True,America/Los_Angeles,3,89406 89429 89408,1840020214
1941,Linda,Linda,CA,California,6115,Yuba,39.1241,-121.5421,23871,1073.5,shape,False,False,America/Los_Angeles,3,95901 95961,1840018800
1949,Ladera Ranch,Ladera Ranch,CA,California,6059,Orange,33.5492,-117.6417,23793,1857.7,shape,False,False,America/Los_Angeles,3,92694,1840028333
1952,Rosemont,Rosemont,CA,California,6067,Sacramento,38.5478,-121.3553,23766,2091.9,shape,False,False,America/Los_Angeles,2,95826 95827,1840018844
1966,San Fernando,San Fernando,CA,California,6037,Los Angeles,34.2886,-118.4362,23632,3842.8,shape,False,True,America/Los_Angeles,2,91340 91341,1840021861
1979,East San Gabriel,East San Gabriel,CA,California,6037,Los Angeles,34.1157,-118.0791,23410,4151.1,shape,False,False,America/Los_Angeles,2,91776 91775,1840028311
1987,West Rancho Dominguez,West Rancho Dominguez,CA,California,6037,Los Angeles,33.9057,-118.2683,23300,2265.5,shape,False,False,America/Los_Angeles,2,90220 90059 90061 90248,1840028406
1994,Oakdale,Oakdale,CA,California,6099,Stanislaus,37.7618,-120.8468,23194,1438.7,shape,False,True,America/Los_Angeles,3,95361,1840020289
2027,Laguna Beach,Laguna Beach,CA,California,6059,Orange,33.5455,-117.7613,22710,985.8,shape,False,True,America/Los_Angeles,3,92651 92652,1840020587
2030,Millbrae,Millbrae,CA,California,6081,San Mateo,37.5994,-122.4023,22689,2680.0,shape,False,True,America/Los_Angeles,2,94030,1840020306
2031,Calabasas,Calabasas,CA,California,6037,Los Angeles,34.1375,-118.6689,22669,638.5,shape,False,True,America/Los_Angeles,3,91302 91372,1840019234
2034,Ramona,Ramona,CA,California,6073,San Diego,33.0474,-116.8766,22634,227.4,shape,False,False,America/Los_Angeles,3,92065,1840019346
2043,Marina,Marina,CA,California,6053,Monterey,36.681,-121.7892,22563,977.8,shape,False,True,America/Los_Angeles,3,93933,1840020357
2050,West Puente Valley,West Puente Valley,CA,California,6037,Los Angeles,34.0513,-117.9681,22495,4645.8,shape,False,False,America/Los_Angeles,2,91744 91746,1840028409
2051,Corcoran,Corcoran,CA,California,6031,Kings,36.0841,-119.5613,22491,1164.4,shape,False,True,America/Los_Angeles,3,93212,1840019056
2057,Lakeside,Lakeside,CA,California,6073,San Diego,32.856,-116.904,22447,1250.9,shape,False,False,America/Los_Angeles,3,92040 92021,1840018025
2076,Sun Valley,Sun Valley,NV,Nevada,32031,Washoe,39.6104,-119.777,22228,588.9,shape,False,False,America/Los_Angeles,3,89433 89436,1840018711
2077,Ashland,Ashland,CA,California,6001,Alameda,37.6942,-122.1159,22210,4654.0,shape,False,False,America/Los_Angeles,2,94578 94541 94580,1840017619
2079,Duarte,Duarte,CA,California,6037,Los Angeles,34.161,-117.9504,22184,1276.7,shape,False,True,America/Los_Angeles,3,91010 91009,1840019246
2082,West Carson,West Carson,CA,California,6037,Los Angeles,33.8229,-118.2931,22143,3773.2,shape,False,False,America/Los_Angeles,2,90502 90710,1840028405
2083,Winter Gardens,Winter Gardens,CA,California,6073,San Diego,32.8376,-116.9268,22131,1933.3,shape,False,False,America/Los_Angeles,3,92040 92021,1840019351
2090,Cudahy,Cudahy,CA,California,6037,Los Angeles,33.9631,-118.183,22087,7250.1,shape,False,True,America/Los_Angeles,2,90201 90096,1840019242
2093,Mesquite,Mesquite,NV,Nevada,32003,Clark,36.8032,-114.133,22059,268.1,shape,False,True,America/Los_Angeles,3,89027 89034 89024,1840020362
2109,Yucca Valley,Yucca Valley,CA,California,6071,San Bernardino,34.1234,-116.4216,21770,211.0,shape,False,True,America/Los_Angeles,3,92284,1840022726
2119,American Canyon,American Canyon,CA,California,6055,Napa,38.1796,-122.2583,21691,1377.6,shape,False,True,America/Los_Angeles,3,94503,1840018834
2121,Willowbrook,Willowbrook,CA,California,6037,Los Angeles,33.9209,-118.2356,21681,4990.9,shape,False,False,America/Los_Angeles,2,90059 90222,1840019220
2122,Granite Bay,Granite Bay,CA,California,6061,Placer,38.7601,-121.1714,21673,388.3,shape,False,False,America/Los_Angeles,3,95650 95746,1840017559
2128,Port Hueneme,Port Hueneme,CA,California,6111,Ventura,34.1618,-119.2036,21582,1887.5,shape,False,True,America/Los_Angeles,3,93043 93041 93044,1840020475
2141,Rosamond,Rosamond,CA,California,6029,Kern,34.8658,-118.2155,21473,159.1,shape,False,False,America/Los_Angeles,3,93560,1840019140
2144,Imperial,Imperial,CA,California,6025,Imperial,32.839,-115.572,21430,1312.0,shape,False,True,America/Los_Angeles,3,92251,1840019381
2156,Rancho San Diego,Rancho San Diego,CA,California,6073,San Diego,32.7624,-116.9197,21272,944.4,shape,False,False,America/Los_Angeles,3,92019 91941,1840019347
2157,South Lake Tahoe,South Lake Tahoe,CA,California,6017,El Dorado,38.9393,-119.9828,21269,815.7,shape,False,True,America/Los_Angeles,3,96150 96151 96158 96152 96154 96157,1840021471
2168,Shafter,Shafter,CA,California,6029,Kern,35.4794,-119.2013,21193,211.5,shape,False,True,America/Los_Angeles,3,93263,1840021735
2185,Stevenson Ranch,Stevenson Ranch,CA,California,6037,Los Angeles,34.3894,-118.5883,20990,1269.5,shape,False,True,America/Los_Angeles,3,91381,1840076281
2188,Valinda,Valinda,CA,California,6037,Los Angeles,34.04,-117.93,20962,4021.1,shape,False,False,America/Los_Angeles,2,91744,1840019213
2214,Elko,Elko,NV,Nevada,32007,Elko,40.8381,-115.7678,20696,447.8,shape,False,True,America/Los_Angeles,3,89801,1840020120
2255,East Hemet,East Hemet,CA,California,6065,Riverside,33.7301,-116.941,20257,1504.4,shape,False,False,America/Los_Angeles,3,92544,1840028370
2257,Greenfield,Greenfield,CA,California,6053,Monterey,36.3242,-121.2428,20232,2627.9,shape,False,True,America/Los_Angeles,2,93927,1840020356
2259,Lomita,Lomita,CA,California,6037,Los Angeles,33.7933,-118.3175,20225,4083.6,shape,False,True,America/Los_Angeles,2,90717,1840020489
2286,La Cañada Flintridge,La Canada Flintridge,CA,California,6037,Los Angeles,34.2097,-118.2002,19935,891.8,shape,False,True,America/Los_Angeles,3,91011 91012,1840020510
2301,Casa de Oro-Mount Helix,Casa de Oro-Mount Helix,CA,California,6073,San Diego,32.764,-116.9688,19765,1113.9,shape,False,True,America/Los_Angeles,3,91977 92020 91941 91976,1840073904
2305,Oroville,Oroville,CA,California,6007,Butte,39.4999,-121.5634,19752,548.7,shape,False,True,America/Los_Angeles,3,95966 95965 95940,1840020182
2307,Prunedale,Prunedale,CA,California,6053,Monterey,36.8064,-121.6555,19723,165.3,shape,False,False,America/Los_Angeles,3,95076 95004 93907 95012,1840019020
2308,Agoura Hills,Agoura Hills,CA,California,6037,Los Angeles,34.151,-118.7609,19721,976.7,shape,False,True,America/Los_Angeles,3,91301 91376,1840019221
2315,Dixon,Dixon,CA,California,6095,Solano,38.4469,-121.825,19683,1070.3,shape,False,True,America/Los_Angeles,3,95620,1840018859
2317,La Crescenta-Montrose,La Crescenta-Montrose,CA,California,6037,Los Angeles,34.2322,-118.2353,19660,2214.2,shape,False,True,America/Los_Angeles,2,91020 91214 91021 91224,1840074182
2326,Arvin,Arvin,CA,California,6029,Kern,35.1944,-118.8306,19539,1565.4,shape,False,True,America/Los_Angeles,3,93203,1840019147
2332,Orinda,Orinda,CA,California,6013,Contra Costa,37.8808,-122.179,19514,586.3,shape,False,True,America/Los_Angeles,3,94563,1840020280
2338,Lennox,Lennox,CA,California,6037,Los Angeles,33.938,-118.3586,19449,6867.7,shape,False,False,America/Los_Angeles,2,90304,1840017923
2342,Albany,Albany,CA,California,6001,Alameda,37.8897,-122.3018,19414,4187.6,shape,False,True,America/Los_Angeles,2,94706,1840028140
2361,South El Monte,South El Monte,CA,California,6037,Los Angeles,34.0493,-118.0484,19287,2618.8,shape,False,True,America/Los_Angeles,2,91733,1840021869
2362,Mead Valley,Mead Valley,CA,California,6065,Riverside,33.8333,-117.2852,19286,390.2,shape,False,False,America/Los_Angeles,3,92570,1840028331
2386,Hermosa Beach,Hermosa Beach,CA,California,6037,Los Angeles,33.8653,-118.3962,19063,5162.3,shape,False,True,America/Los_Angeles,2,90254,1840020487
2391,Chowchilla,Chowchilla,CA,California,6039,Madera,37.1095,-120.2349,19020,636.2,shape,False,True,America/Los_Angeles,3,93610,1840018919
2392,Coronado,Coronado,CA,California,6073,San Diego,32.6649,-117.1604,19015,940.6,shape,False,True,America/Los_Angeles,3,92155 92135 92118 92178,1840019354
2404,Rosedale,Rosedale,CA,California,6029,Kern,35.3886,-119.2058,18877,249.0,shape,False,False,America/Los_Angeles,3,93314,1840019141
2405,Santa Fe Springs,Santa Fe Springs,CA,California,6037,Los Angeles,33.9329,-118.0625,18871,822.6,shape,False,True,America/Los_Angeles,3,90670 90671,1840021865
2414,Pinole,Pinole,CA,California,6013,Contra Costa,37.9931,-122.2833,18761,1419.3,shape,False,True,America/Los_Angeles,3,94564,1840020281
2427,Stanford,Stanford,CA,California,6085,Santa Clara,37.4252,-122.1674,18662,2619.7,shape,False,False,America/Los_Angeles,2,94304 94305 94309,1840028400
2441,Arcata,Arcata,CA,California,6023,Humboldt,40.8615,-124.0758,18607,762.9,shape,False,True,America/Los_Angeles,3,95521 95518,1840009422
2444,Valle Vista,Valle Vista,CA,California,6065,Riverside,33.7436,-116.8871,18602,1041.5,shape,False,False,America/Los_Angeles,3,92544,1840019292
2456,Phelan,Phelan,CA,California,6071,San Bernardino,34.4398,-117.5248,18496,118.8,shape,False,False,America/Los_Angeles,3,92371,1840025798
2460,Olivehurst,Olivehurst,CA,California,6115,Yuba,39.0795,-121.5566,18444,846.4,shape,False,False,America/Los_Angeles,3,95961,1840018801
2466,Arroyo Grande,Arroyo Grande,CA,California,6079,San Luis Obispo,35.1241,-120.5845,18372,1194.4,shape,False,True,America/Los_Angeles,3,93420 93421,1840019125
2477,Cameron Park,Cameron Park,CA,California,6017,El Dorado,38.6738,-120.9872,18315,629.8,shape,False,False,America/Los_Angeles,3,95682 95672,1840028322
2531,Castaic,Castaic,CA,California,6037,Los Angeles,34.4818,-118.6316,17999,957.0,shape,False,False,America/Los_Angeles,3,91384 91310,1840022826
2538,Spanish Springs,Spanish Springs,NV,Nevada,32031,Washoe,39.6568,-119.6694,17980,124.9,shape,False,False,America/Los_Angeles,3,89441 89436,1840033826
2584,Rancho Mirage,Rancho Mirage,CA,California,6065,Riverside,33.7635,-116.4271,17563,268.1,shape,False,True,America/Los_Angeles,3,92270,1840020558
2591,Nipomo,Nipomo,CA,California,6079,San Luis Obispo,35.0319,-120.4985,17516,448.6,shape,False,False,America/Los_Angeles,3,93444,1840019122
2601,Blythe,Blythe,CA,California,6065,Riverside,33.6219,-114.6195,17396,253.4,shape,False,True,America/Los_Angeles,3,92225 92226,1840019299
2606,Woodcrest,Woodcrest,CA,California,6065,Riverside,33.8789,-117.3687,17368,588.0,shape,False,False,America/Los_Angeles,3,92504 92506 92508 92503,1840019296
2617,Laguna Woods,Laguna Woods,CA,California,6059,Orange,33.6099,-117.7299,17289,1997.5,shape,False,True,America/Los_Angeles,3,92637 92654,1840020590
2626,Coalinga,Coalinga,CA,California,6019,Fresno,36.142,-120.3242,17203,988.9,shape,False,True,America/Los_Angeles,3,93210,1840018945
2638,McKinleyville,McKinleyville,CA,California,6023,Humboldt,40.9488,-124.0857,17113,316.4,shape,False,False,America/Los_Angeles,3,95519,1840017485
2647,Truckee,Truckee,CA,California,6057,Nevada,39.3455,-120.1848,17066,203.8,shape,False,True,America/Los_Angeles,3,96161 96160,1840022462
2669,Live Oak,Live Oak,CA,California,6087,Santa Cruz,36.986,-121.9804,16911,2013.6,shape,False,False,America/Los_Angeles,2,95062 95065,1840144061
2670,South San Jose Hills,South San Jose Hills,CA,California,6037,Los Angeles,34.0123,-117.9043,16911,4359.8,shape,False,False,America/Los_Angeles,2,91744,1840019208
2685,Fillmore,Fillmore,CA,California,6111,Ventura,34.3989,-118.9174,16816,1965.9,shape,False,True,America/Los_Angeles,3,93015 93016,1840020471
2686,Kerman,Kerman,CA,California,6019,Fresno,36.7248,-120.0625,16815,1939.7,shape,False,True,America/Los_Angeles,3,93630,1840020324
2691,El Segundo,El Segundo,CA,California,6037,Los Angeles,33.917,-118.4018,16769,1188.2,shape,False,True,America/Los_Angeles,3,90245,1840020481
2692,Moraga,Moraga,CA,California,6013,Contra Costa,37.8439,-122.1225,16769,684.3,shape,False,True,America/Los_Angeles,3,94575 94556 94570,1840022538
2694,Bostonia,Bostonia,CA,California,6073,San Diego,32.8189,-116.948,16765,3360.3,shape,False,False,America/Los_Angeles,2,92021,1840018018
2708,Clearlake,Clearlake,CA,California,6033,Lake,38.9589,-122.633,16659,635.0,shape,False,True,America/Los_Angeles,3,95422 95424,1840028139
2756,Rio Linda,Rio Linda,CA,California,6067,Sacramento,38.6875,-121.4417,16335,635.3,shape,False,False,America/Los_Angeles,3,95673,1840018843
2761,Ukiah,Ukiah,CA,California,6045,Mendocino,39.1464,-123.2105,16304,1147.2,shape,False,True,America/Los_Angeles,3,95482 95418,1840021420
2776,Ripon,Ripon,CA,California,6077,San Joaquin,37.7417,-121.131,16201,1170.0,shape,False,True,America/Los_Angeles,3,95366,1840020264
2823,Artesia,Artesia,CA,California,6037,Los Angeles,33.8676,-118.0805,15889,3785.8,shape,False,True,America/Los_Angeles,2,90701 90702,1840019224
2839,Dayton,Dayton,NV,Nevada,32019,Lyon,39.2592,-119.5653,15781,174.6,shape,False,False,America/Los_Angeles,3,89403 89428,1840018796
2840,Camp Pendleton South,Camp Pendleton South,CA,California,6073,San Diego,33.2329,-117.393,15766,877.6,shape,True,True,America/Los_Angeles,3,92058,1840073902
2887,Parkway,Parkway,CA,California,6067,Sacramento,38.4993,-121.452,15397,2467.4,shape,False,False,America/Los_Angeles,2,95823 94206,1840024628
2892,Vincent,Vincent,CA,California,6037,Los Angeles,34.0983,-117.9238,15340,4021.4,shape,False,True,America/Los_Angeles,2,91702 91722,1840074687
2896,Lemon Hill,Lemon Hill,CA,California,6067,Sacramento,38.5172,-121.4573,15312,3604.9,shape,False,True,America/Los_Angeles,2,95824,1840075922
2902,La Palma,La Palma,CA,California,6059,Orange,33.8504,-118.0407,15272,3311.7,shape,False,True,America/Los_Angeles,2,90623,1840020586
2918,Coto de Caza,Coto de Caza,CA,California,6059,Orange,33.5959,-117.586,15190,752.1,shape,False,False,America/Los_Angeles,3,92679,1840028363
2919,Alpine,Alpine,CA,California,6073,San Diego,32.8439,-116.7585,15180,218.8,shape,False,False,America/Los_Angeles,3,91901 91903,1840018014
2948,Walnut Park,Walnut Park,CA,California,6037,Los Angeles,33.9682,-118.222,14958,7706.5,shape,False,False,America/Los_Angeles,2,90255,1840019218
2949,Pacific Grove,Pacific Grove,CA,California,6053,Monterey,36.6188,-121.9259,14951,2014.4,shape,False,True,America/Los_Angeles,2,93950,1840020359
2955,Boulder City,Boulder City,NV,Nevada,32003,Clark,35.8407,-114.9257,14919,27.1,shape,False,True,America/Los_Angeles,3,89005 89006,1840019028
2957,Discovery Bay,Discovery Bay,CA,California,6013,Contra Costa,37.9063,-121.599,14911,1029.6,shape,False,False,America/Los_Angeles,3,94505,1840018897
2984,Spring Creek,Spring Creek,NV,Nevada,32007,Elko,40.745,-115.5983,14739,106.0,shape,False,False,America/Los_Angeles,3,89815,1840018704
3006,Livingston,Livingston,CA,California,6047,Merced,37.3875,-120.7248,14606,1534.5,shape,False,True,America/Los_Angeles,3,95334,1840020311
3007,East Rancho Dominguez,East Rancho Dominguez,CA,California,6037,Los Angeles,33.8949,-118.1956,14603,6865.1,shape,False,False,America/Los_Angeles,2,90221,1840028368
3019,Red Bluff,Red Bluff,CA,California,6103,Tehama,40.1735,-122.2413,14549,743.0,shape,False,True,America/Los_Angeles,3,96080,1840020176
3024,Parlier,Parlier,CA,California,6019,Fresno,36.6087,-119.5434,14507,2221.0,shape,False,True,America/Los_Angeles,2,93648 93662,1840020323
3026,Alamo,Alamo,CA,California,6013,Contra Costa,37.8548,-122.0136,14488,569.9,shape,False,False,America/Los_Angeles,3,94507 94529,1840017609
3042,California City,California City,CA,California,6029,Kern,35.1578,-117.8721,14414,27.3,shape,False,True,America/Los_Angeles,3,93505 93504,1840019149
3072,McFarland,McFarland,CA,California,6029,Kern,35.6781,-119.2413,14222,866.0,shape,False,True,America/Los_Angeles,3,93250,1840020419
3083,Susanville,Susanville,CA,California,6035,Lassen,40.4206,-120.6132,14177,691.3,shape,False,True,America/Los_Angeles,3,96130 96127,1840021348
3084,Los Osos,Los Osos,CA,California,6079,San Luis Obispo,35.3065,-120.8242,14166,428.5,shape,False,False,America/Los_Angeles,3,93402 93412,1840017805
3093,Cherryland,Cherryland,CA,California,6001,Alameda,37.6792,-122.1038,14143,4575.8,shape,False,False,America/Los_Angeles,2,94541,1840028361
3099,Grass Valley,Grass Valley,CA,California,6057,Nevada,39.2238,-121.0522,14113,908.8,shape,False,True,America/Los_Angeles,3,95949 95945,1840020225
3113,Mill Valley,Mill Valley,CA,California,6041,Marin,37.9086,-122.5421,14012,1131.3,shape,False,True,America/Los_Angeles,3,94941 94942,1840020259
3133,Isla Vista,Isla Vista,CA,California,6083,Santa Barbara,34.4128,-119.8614,13920,9750.1,shape,False,False,America/Los_Angeles,2,93117,1840017887
3137,Salida,Salida,CA,California,6099,Stanislaus,37.7083,-121.0842,13900,2421.1,shape,False,False,America/Los_Angeles,2,95356 95368,1840018908
3161,Auburn,Auburn,CA,California,6061,Placer,38.895,-121.0777,13768,740.7,shape,False,True,America/Los_Angeles,3,95603,1840010231
3163,Oak Park,Oak Park,CA,California,6111,Ventura,34.185,-118.7669,13757,1003.2,shape,False,False,America/Los_Angeles,3,91377,1840019198
3175,Hawaiian Gardens,Hawaiian Gardens,CA,California,6037,Los Angeles,33.8304,-118.0728,13691,5592.8,shape,False,True,America/Los_Angeles,2,90716,1840020485
3191,Avenal,Avenal,CA,California,6031,Kings,36.0311,-120.1162,13608,269.7,shape,False,True,America/Los_Angeles,3,93239 93204,1840019054
3192,King City,King City,CA,California,6053,Monterey,36.2164,-121.133,13604,1383.4,shape,False,True,America/Los_Angeles,3,93930,1840020360
3217,North Auburn,North Auburn,CA,California,6061,Placer,38.9306,-121.082,13480,668.3,shape,False,False,America/Los_Angeles,3,95603 95602,1840028390
3286,Lamont,Lamont,CA,California,6029,Kern,35.2659,-118.9159,13164,1059.6,shape,False,False,America/Los_Angeles,3,93241 93307,1840017825
3291,El Sobrante,El Sobrante,CA,California,6065,Riverside,33.8724,-117.4624,13129,700.8,shape,False,True,America/Los_Angeles,3,92503,1840075804
3301,North Fair Oaks,North Fair Oaks,CA,California,6081,San Mateo,37.4754,-122.2034,13100,4229.0,shape,False,False,America/Los_Angeles,2,94063 94025,1840028325
3306,Emeryville,Emeryville,CA,California,6001,Alameda,37.8382,-122.2932,13081,3966.8,shape,False,True,America/Los_Angeles,2,94608 94662,1840020291
3308,Grand Terrace,Grand Terrace,CA,California,6071,San Bernardino,34.0312,-117.3132,13078,1433.1,shape,False,True,America/Los_Angeles,3,92313,1840020403
3313,Lake Los Angeles,Lake Los Angeles,CA,California,6037,Los Angeles,34.6097,-117.8339,13051,517.3,shape,False,False,America/Los_Angeles,3,93535 93591,1840017922
3315,Carpinteria,Carpinteria,CA,California,6083,Santa Barbara,34.3962,-119.5118,13036,1944.5,shape,False,True,America/Los_Angeles,3,93013 93014,1840019187
3342,Palos Verdes Estates,Palos Verdes Estates,CA,California,6037,Los Angeles,33.7872,-118.3973,12925,1044.9,shape,False,True,America/Los_Angeles,3,90274,1840020503
3358,Larkspur,Larkspur,CA,California,6041,Marin,37.9393,-122.5312,12854,1654.8,shape,False,True,America/Los_Angeles,3,94904 94939 94977,1840020261
3363,Solana Beach,Solana Beach,CA,California,6073,San Diego,32.9943,-117.2574,12823,1450.3,shape,False,True,America/Los_Angeles,3,92014 92075,1840021993
3380,Kingsburg,Kingsburg,CA,California,6019,Fresno,36.5244,-119.5602,12755,1315.6,shape,False,True,America/Los_Angeles,3,93631,1840020325
3385,Marysville,Marysville,CA,California,6115,Yuba,39.1518,-121.5835,12726,1418.5,shape,False,True,America/Los_Angeles,3,95901,1840020219
3390,San Anselmo,San Anselmo,CA,California,6041,Marin,37.9821,-122.5699,12679,1829.9,shape,False,True,America/Los_Angeles,3,94960 94978 94979,1840022520
3396,Bonita,Bonita,CA,California,6073,San Diego,32.6651,-117.0296,12652,973.7,shape,False,False,America/Los_Angeles,3,91902 91910,1840018015
3399,Lindsay,Lindsay,CA,California,6107,Tulare,36.2082,-119.0897,12643,1675.7,shape,False,True,America/Los_Angeles,3,93247,1840020367
3409,Grover Beach,Grover Beach,CA,California,6079,San Luis Obispo,35.1204,-120.6197,12604,2104.8,shape,False,True,America/Los_Angeles,2,93433 93483,1840020414
3411,Avocado Heights,Avocado Heights,CA,California,6037,Los Angeles,34.0391,-117.997,12593,2160.4,shape,False,False,America/Los_Angeles,2,90601 91746,1840028318
3416,Mendota,Mendota,CA,California,6019,Fresno,36.7555,-120.3776,12577,1473.4,shape,False,True,America/Los_Angeles,3,93640,1840020321
3474,Fortuna,Fortuna,CA,California,6023,Humboldt,40.5862,-124.1419,12326,906.2,shape,False,True,America/Los_Angeles,3,95540,1840009553
3477,Newman,Newman,CA,California,6099,Stanislaus,37.3156,-121.0212,12316,2217.9,shape,False,True,America/Los_Angeles,2,95360,1840020288
3487,Lakeland Village,Lakeland Village,CA,California,6065,Riverside,33.648,-117.3706,12236,538.6,shape,False,False,America/Los_Angeles,3,92530,1840017989
3499,San Marino,San Marino,CA,California,6037,Los Angeles,34.1224,-118.1132,12216,1252.5,shape,False,True,America/Los_Angeles,3,91108 91118,1840021863
3517,University of California-Santa Barbara,University of California-Santa Barbara,CA,California,6083,Santa Barbara,34.4151,-119.8568,12121,3600.6,shape,False,False,America/Los_Angeles,2,93117 93106 93107,1840153164
3521,Gardnerville Ranchos,Gardnerville Ranchos,NV,Nevada,32005,Douglas,38.8957,-119.7492,12114,453.0,shape,False,False,America/Los_Angeles,3,89460,1840033828
3529,Tamalpais-Homestead Valley,Tamalpais-Homestead Valley,CA,California,6041,Marin,37.8793,-122.5382,12085,995.9,shape,False,True,America/Los_Angeles,3,94941,1840074828
3534,Scotts Valley,Scotts Valley,CA,California,6087,Santa Cruz,37.0555,-122.0118,12044,1006.9,shape,False,True,America/Los_Angeles,3,95066,1840021580
3539,Muscoy,Muscoy,CA,California,6071,San Bernardino,34.1552,-117.3477,12025,1526.7,shape,False,False,America/Los_Angeles,3,92407,1840028097
3544,Commerce,Commerce,CA,California,6037,Los Angeles,33.9963,-118.1519,11993,708.6,shape,False,True,America/Los_Angeles,3,90023 90022 90040 90091 90140,1840019239
3549,Rancho Mission Viejo,Rancho Mission Viejo,CA,California,6059,Orange,33.514,-117.5618,11971,122.2,shape,False,False,America/Los_Angeles,3,92694,1840147893
3554,Tehachapi,Tehachapi,CA,California,6029,Kern,35.1276,-118.4744,11946,449.0,shape,False,True,America/Los_Angeles,3,93581 93561,1840021737
3587,Winton,Winton,CA,California,6047,Merced,37.3854,-120.6173,11797,1497.9,shape,False,False,America/Los_Angeles,3,95388 95344,1840018933
3588,Los Alamitos,Los Alamitos,CA,California,6059,Orange,33.7971,-118.0592,11794,1136.1,shape,False,True,America/Los_Angeles,3,90720 90721,1840020579
3640,Rossmoor,Rossmoor,CA,California,6059,Orange,33.7887,-118.0803,11532,2855.2,shape,False,False,America/Los_Angeles,2,90720,1840019320
3645,Quartz Hill,Quartz Hill,CA,California,6037,Los Angeles,34.6527,-118.2163,11510,1181.3,shape,False,False,America/Los_Angeles,3,93536 93586,1840019210
3655,La Riviera,La Riviera,CA,California,6067,Sacramento,38.5683,-121.3544,11492,2335.6,shape,False,False,America/Los_Angeles,2,95826 95827,1840028382
3660,Signal Hill,Signal Hill,CA,California,6037,Los Angeles,33.803,-118.1681,11468,2022.5,shape,False,True,America/Los_Angeles,2,90755,1840021868
3671,Big Bear City,Big Bear City,CA,California,6071,San Bernardino,34.2536,-116.7903,11431,137.9,shape,False,False,America/Los_Angeles,3,92386 92314,1840017797
3678,Half Moon Bay,Half Moon Bay,CA,California,6081,San Mateo,37.4685,-122.4382,11391,704.6,shape,False,True,America/Los_Angeles,3,94019,1840020303
3695,Cold Springs,Cold Springs,NV,Nevada,32031,Washoe,39.6927,-119.9775,11321,499.0,shape,False,False,America/Los_Angeles,3,89508,1840033824
3709,Anderson,Anderson,CA,California,6089,Shasta,40.4497,-122.295,11255,618.0,shape,False,True,America/Los_Angeles,3,96007,1840018733
3714,Healdsburg,Healdsburg,CA,California,6097,Sonoma,38.6224,-122.8651,11243,982.0,shape,False,True,America/Los_Angeles,3,95448,1840020242
3720,View Park-Windsor Hills,View Park-Windsor Hills,CA,California,6037,Los Angeles,33.9955,-118.3483,11230,2355.0,shape,False,True,America/Los_Angeles,2,90008 90043 90056,1840074686
3746,Canyon Lake,Canyon Lake,CA,California,6065,Riverside,33.6885,-117.2621,11119,1104.1,shape,False,True,America/Los_Angeles,3,92570 92587,1840019301
3747,Valley Center,Valley Center,CA,California,6073,San Diego,33.233,-117.0158,11119,156.4,shape,False,False,America/Los_Angeles,3,92082,1840019349
3752,Del Aire,Del Aire,CA,California,6037,Los Angeles,33.9167,-118.3693,11115,4256.1,shape,False,False,America/Los_Angeles,2,90304 90250,1840028367
3756,Hillsborough,Hillsborough,CA,California,6081,San Mateo,37.5572,-122.3586,11099,695.0,shape,False,True,America/Los_Angeles,3,94010,1840021554
3770,East Bakersfield,East Bakersfield,CA,California,6029,Kern,35.3832,-118.9743,11062,5426.2,shape,False,False,America/Los_Angeles,2,93305,1840150305
3779,Sun Village,Sun Village,CA,California,6037,Los Angeles,34.5596,-117.9558,11036,394.4,shape,False,True,America/Los_Angeles,3,93543,1840076298
3789,Delhi,Delhi,CA,California,6047,Merced,37.4306,-120.7759,11009,1210.8,shape,False,False,America/Los_Angeles,3,95315,1840018930
3808,Piedmont,Piedmont,CA,California,6001,Alameda,37.8225,-122.2301,10945,2486.1,shape,False,True,America/Los_Angeles,2,94611 94610,1840020297
3809,Sierra Madre,Sierra Madre,CA,California,6037,Los Angeles,34.1687,-118.0504,10940,1431.3,shape,False,True,America/Los_Angeles,3,91024 91025,1840021867
3810,Clayton,Clayton,CA,California,6013,Contra Costa,37.9404,-121.9301,10937,1099.7,shape,False,True,America/Los_Angeles,3,94517,1840018901
3814,Diamond Springs,Diamond Springs,CA,California,6017,El Dorado,38.692,-120.8391,10927,253.5,shape,False,False,America/Los_Angeles,3,95667 95623 95619,1840018829
3821,Citrus,Citrus,CA,California,6037,Los Angeles,34.116,-117.8891,10904,4805.7,shape,False,False,America/Los_Angeles,2,91702 91722,1840017916
3823,Calimesa,Calimesa,CA,California,6065,Riverside,33.9874,-117.0542,10902,282.6,shape,False,True,America/Los_Angeles,3,92320,1840019300
3869,Placerville,Placerville,CA,California,6017,El Dorado,38.7308,-120.7979,10762,711.5,shape,False,True,America/Los_Angeles,3,95667,1840020238
3874,Fairview,Fairview,CA,California,6001,Alameda,37.6758,-122.0473,10745,1394.9,shape,False,False,America/Los_Angeles,3,94541 94542,1840028375
3894,Morro Bay,Morro Bay,CA,California,6079,San Luis Obispo,35.3682,-120.8482,10692,773.3,shape,False,True,America/Los_Angeles,3,93442 93443,1840020415
3900,Soquel,Soquel,CA,California,6087,Santa Cruz,36.9978,-121.9483,10679,897.0,shape,False,False,America/Los_Angeles,3,95073 95003,1840018957
3901,Sonoma,Sonoma,CA,California,6097,Sonoma,38.2902,-122.4598,10670,1501.6,shape,False,True,America/Los_Angeles,3,95476,1840021490
3902,Garden Acres,Garden Acres,CA,California,6077,San Joaquin,37.9637,-121.2296,10667,1593.6,shape,False,False,America/Los_Angeles,3,95215,1840028376
3915,Lake Arrowhead,Lake Arrowhead,CA,California,6071,San Bernardino,34.2531,-117.1944,10639,232.4,shape,False,False,America/Los_Angeles,3,92385 92391 92317 92321 92352 92378,1840017803
3957,Hillcrest,Hillcrest,CA,California,6029,Kern,35.379,-118.9578,10511,2944.3,shape,False,False,America/Los_Angeles,2,93306 93386,1840145203
3959,Home Gardens,Home Gardens,CA,California,6065,Riverside,33.8783,-117.5116,10506,2650.0,shape,False,False,America/Los_Angeles,2,92879 92503,1840017987
3981,Alum Rock,Alum Rock,CA,California,6085,Santa Clara,37.3694,-121.8238,10440,4638.9,shape,False,False,America/Los_Angeles,2,95127,1840017638
3987,Malibu,Malibu,CA,California,6037,Los Angeles,34.037,-118.7839,10421,202.7,shape,False,True,America/Los_Angeles,3,90265,1840028310
3991,Farmersville,Farmersville,CA,California,6107,Tulare,36.305,-119.2083,10397,1774.2,shape,False,True,America/Los_Angeles,3,93223,1840020366
4012,Shasta Lake,Shasta Lake,CA,California,6089,Shasta,40.679,-122.3775,10311,365.3,shape,False,True,America/Los_Angeles,3,96019 96089,1840021349
4035,Exeter,Exeter,CA,California,6107,Tulare,36.2941,-119.1459,10258,1598.5,shape,False,True,America/Los_Angeles,3,93221,1840020365
4047,San Diego Country Estates,San Diego Country Estates,CA,California,6073,San Diego,33.0094,-116.7874,10223,235.2,shape,False,False,America/Los_Angeles,3,92065,1840028398
4073,Country Club,Country Club,CA,California,6077,San Joaquin,37.9687,-121.3408,10161,2046.6,shape,False,False,America/Los_Angeles,2,95204,1840028364
4079,Potomac Park,Potomac Park,CA,California,6029,Kern,35.3636,-118.965,10138,2745.1,shape,False,False,America/Los_Angeles,2,93307,1840147389
4081,Blackhawk,Blackhawk,CA,California,6013,Contra Costa,37.8159,-121.9071,10137,677.7,shape,False,False,America/Los_Angeles,3,94506,1840028358
4087,Rio Vista,Rio Vista,CA,California,6095,Solano,38.1765,-121.7025,10102,591.0,shape,False,True,America/Los_Angeles,3,94571,1840020254
4095,Corte Madera,Corte Madera,CA,California,6041,Marin,37.9238,-122.5128,10077,1231.2,shape,False,True,America/Los_Angeles,3,94925 94976,1840022519
4121,East Whittier,East Whittier,CA,California,6037,Los Angeles,33.9244,-117.9887,9990,3538.8,shape,False,False,America/Los_Angeles,2,90604,1840019205
4150,Golden Hills,Golden Hills,CA,California,6029,Kern,35.1409,-118.4968,9891,349.9,shape,False,False,America/Los_Angeles,3,93561,1840017819
4160,Madera Acres,Madera Acres,CA,California,6039,Madera,37.0123,-120.0799,9846,530.8,shape,False,False,America/Los_Angeles,3,93638,1840028386
4163,Crestline,Crestline,CA,California,6071,San Bernardino,34.2486,-117.2887,9835,273.1,shape,False,False,America/Los_Angeles,3,92407 92322 92391 92325,1840017796
4200,Orange Cove,Orange Cove,CA,California,6019,Fresno,36.6211,-119.3188,9695,2036.4,shape,False,True,America/Los_Angeles,2,93646,1840020322
4202,Capitola,Capitola,CA,California,6087,Santa Cruz,36.9773,-121.9537,9689,2346.2,shape,False,True,America/Los_Angeles,2,95010,1840018959
4236,Templeton,Templeton,CA,California,6079,San Luis Obispo,35.556,-120.7181,9580,467.7,shape,False,False,America/Los_Angeles,3,93465 93446,1840019127
4253,Mentone,Mentone,CA,California,6071,San Bernardino,34.0609,-117.1108,9514,601.0,shape,False,False,America/Los_Angeles,3,92359 92374,1840019109
4265,Spring Valley Lake,Spring Valley Lake,CA,California,6071,San Bernardino,34.4987,-117.2683,9483,1210.6,shape,False,False,America/Los_Angeles,3,92395,1840024936
4272,Fallon,Fallon,NV,Nevada,32001,Churchill,39.4737,-118.7779,9463,984.2,shape,False,True,America/Los_Angeles,3,89406 89407,1840020191
4284,Charter Oak,Charter Oak,CA,California,6037,Los Angeles,34.1025,-117.8564,9442,3929.4,shape,False,False,America/Los_Angeles,2,91724,1840017919
4292,Plumas Lake,Plumas Lake,CA,California,6115,Yuba,38.9845,-121.5634,9418,307.2,shape,False,False,America/Los_Angeles,3,95961,1840024456
4335,Incline Village,Incline Village,NV,Nevada,32031,Washoe,39.2639,-119.9455,9272,166.4,shape,False,False,America/Los_Angeles,3,89450 89451,1840033809
4356,Waterford,Waterford,CA,California,6099,Stanislaus,37.6429,-120.7553,9204,1506.9,shape,False,True,America/Los_Angeles,3,95386,1840021534
4358,Rio del Mar,Rio del Mar,CA,California,6087,Santa Cruz,36.9607,-121.8807,9201,1184.1,shape,False,False,America/Los_Angeles,3,95003,1840028179
4366,Marina del Rey,Marina del Rey,CA,California,6037,Los Angeles,33.9765,-118.4486,9176,4130.8,shape,False,False,America/Los_Angeles,2,90292,1840017920
4374,Ione,Ione,CA,California,6005,Amador,38.3613,-120.9422,9156,771.7,shape,False,True,America/Los_Angeles,3,95640,1840018851
4425,Montecito,Montecito,CA,California,6083,Santa Barbara,34.4384,-119.6309,9031,379.7,shape,False,False,America/Los_Angeles,3,93108 93150,1840019182
4435,Oak Hills,Oak Hills,CA,California,6071,San Bernardino,34.391,-117.4123,9013,141.9,shape,False,False,America/Los_Angeles,3,92344,1840024934
4436,Tiburon,Tiburon,CA,California,6041,Marin,37.8854,-122.4637,9012,775.0,shape,False,True,America/Los_Angeles,3,94920,1840022521
4453,Rodeo,Rodeo,CA,California,6013,Contra Costa,38.0367,-122.2526,8976,925.0,shape,False,False,America/Los_Angeles,3,94525 94572,1840018900
4461,Orosi,Orosi,CA,California,6107,Tulare,36.5433,-119.2914,8966,1343.8,shape,False,False,America/Los_Angeles,3,93647,1840019035
4501,Cloverdale,Cloverdale,CA,California,6097,Sonoma,38.7962,-123.0152,8886,1020.2,shape,False,True,America/Los_Angeles,3,95425,1840018838
4502,Topanga,Topanga,CA,California,6037,Los Angeles,34.0965,-118.6053,8885,179.4,shape,False,False,America/Los_Angeles,3,90265 90290,1840025006
4526,August,August,CA,California,6077,San Joaquin,37.9797,-121.2625,8825,2713.2,shape,False,False,America/Los_Angeles,2,95205,1840028357
4529,Good Hope,Good Hope,CA,California,6065,Riverside,33.7706,-117.2771,8816,303.2,shape,False,False,America/Los_Angeles,3,92570,1840028330
4545,Laughlin,Laughlin,NV,Nevada,32003,Clark,35.1401,-114.6206,8789,207.6,shape,False,False,America/Los_Angeles,3,89029 89028,1840017689
4554,Larkfield-Wikiup,Larkfield-Wikiup,CA,California,6097,Sonoma,38.513,-122.7536,8765,637.6,shape,False,True,America/Los_Angeles,3,95404 95403,1840074293
4563,West Athens,West Athens,CA,California,6037,Los Angeles,33.9235,-118.3033,8726,2520.0,shape,False,False,America/Los_Angeles,2,90044 90047,1840028403
4575,University of California-Davis,University of California-Davis,CA,California,6113,Yolo,38.5378,-121.7579,8696,1943.9,shape,False,True,America/Los_Angeles,3,95616,1840042938
4633,Guadalupe,Guadalupe,CA,California,6083,Santa Barbara,34.9609,-120.5735,8566,2522.5,shape,False,True,America/Los_Angeles,2,93434,1840020467
4661,Gonzales,Gonzales,CA,California,6053,Monterey,36.5055,-121.4427,8492,1713.6,shape,False,True,America/Los_Angeles,3,93926,1840020355
4692,Fort Irwin,Fort Irwin,CA,California,6071,San Bernardino,35.2477,-116.6834,8419,466.7,shape,True,True,America/Los_Angeles,3,92310,1840025802
4705,Firebaugh,Firebaugh,CA,California,6019,Fresno,36.8533,-120.4535,8392,870.7,shape,False,True,America/Los_Angeles,3,93622,1840020317
4707,La Cresta,La Cresta,CA,California,6029,Kern,35.3972,-118.9892,8389,3095.4,shape,False,False,America/Los_Angeles,2,93305,1840147387
4715,Los Altos Hills,Los Altos Hills,CA,California,6085,Santa Clara,37.3669,-122.1387,8377,356.7,shape,False,True,America/Los_Angeles,3,94022 94024,1840021574
4716,Alondra Park,Alondra Park,CA,California,6037,Los Angeles,33.8885,-118.335,8373,2926.3,shape,False,False,America/Los_Angeles,2,90506 90249 90260,1840028356
4727,Highgrove,Highgrove,CA,California,6065,Riverside,34.0106,-117.3098,8366,1004.0,shape,False,False,America/Los_Angeles,3,92507,1840017986
4730,Winnemucca,Winnemucca,NV,Nevada,32013,Humboldt,40.9645,-117.7247,8361,330.3,shape,False,True,America/Los_Angeles,3,89445,1840021334
4732,Orland,Orland,CA,California,6021,Glenn,39.7461,-122.1856,8357,1059.3,shape,False,True,America/Los_Angeles,3,95963,1840020209
4822,Corning,Corning,CA,California,6103,Tehama,39.9283,-122.1819,8155,887.7,shape,False,True,America/Los_Angeles,3,96021,1840018762
4838,Rolling Hills Estates,Rolling Hills Estates,CA,California,6037,Los Angeles,33.7783,-118.3509,8131,877.7,shape,False,True,America/Los_Angeles,3,90274,1840020494
4861,Interlaken,Interlaken,CA,California,6087,Santa Cruz,36.9505,-121.7363,8068,317.7,shape,False,False,America/Los_Angeles,3,95076,1840017653
4875,Pismo Beach,Pismo Beach,CA,California,6079,San Luis Obispo,35.1487,-120.6493,8014,884.8,shape,False,True,America/Los_Angeles,3,93449 93448,1840020416
4885,Midway City,Midway City,CA,California,6059,Orange,33.7452,-117.9849,7999,5067.3,shape,False,False,America/Los_Angeles,2,92655,1840025037
4902,Bermuda Dunes,Bermuda Dunes,CA,California,6065,Riverside,33.7435,-116.2874,7971,1043.3,shape,False,False,America/Los_Angeles,3,92203,1840017981
4923,Gold River,Gold River,CA,California,6067,Sacramento,38.6268,-121.2488,7924,1151.0,shape,False,False,America/Los_Angeles,3,95670,1840017583
4925,South San Gabriel,South San Gabriel,CA,California,6037,Los Angeles,34.0488,-118.0961,7923,3667.5,shape,False,False,America/Los_Angeles,2,91770,1840019207
4931,California Polytechnic State University,California Polytechnic State University,CA,California,6079,San Luis Obispo,35.3053,-120.6655,7915,1987.0,shape,False,False,America/Los_Angeles,3,93405 93407 93410,1840152097
4947,Acton,Acton,CA,California,6037,Los Angeles,34.4956,-118.1858,7880,77.5,shape,False,False,America/Los_Angeles,3,93510,1840017917
4966,Yreka,Yreka,CA,California,6093,Siskiyou,41.7291,-122.6312,7820,302.4,shape,False,True,America/Los_Angeles,3,96097,1840021320
4992,Westlake Village,Westlake Village,CA,California,6037,Los Angeles,34.1369,-118.822,7743,576.3,shape,False,True,America/Los_Angeles,3,91361 91362,1840037458
4998,Thousand Palms,Thousand Palms,CA,California,6065,Riverside,33.815,-116.3545,7720,126.2,shape,False,False,America/Los_Angeles,3,92276,1840019291
5006,Woodlake,Woodlake,CA,California,6107,Tulare,36.4122,-119.1,7702,1043.7,shape,False,True,America/Los_Angeles,3,93286,1840021640
5038,Hughson,Hughson,CA,California,6099,Stanislaus,37.602,-120.866,7648,1549.0,shape,False,True,America/Los_Angeles,3,95326,1840020285
5057,Homeland,Homeland,CA,California,6065,Riverside,33.7459,-117.1132,7584,685.7,shape,False,False,America/Los_Angeles,3,92548,1840017988
5059,Winters,Winters,CA,California,6113,Yolo,38.532,-121.9781,7583,997.6,shape,False,True,America/Los_Angeles,3,95694,1840021484
5062,Ojai,Ojai,CA,California,6111,Ventura,34.4488,-119.2469,7577,671.6,shape,False,True,America/Los_Angeles,3,93023 93024,1840020473
5094,Fairfax,Fairfax,CA,California,6041,Marin,37.9886,-122.5952,7516,1302.4,shape,False,True,America/Los_Angeles,3,94930,1840021516
5099,Oroville East,Oroville East,CA,California,6007,Butte,39.4947,-121.4866,7504,134.2,shape,False,True,America/Los_Angeles,4,95966,1840074539
5109,Cotati,Cotati,CA,California,6097,Sonoma,38.3278,-122.7092,7489,1542.7,shape,False,True,America/Los_Angeles,3,94931 94926,1840018840
5123,Escalon,Escalon,CA,California,6077,San Joaquin,37.7912,-120.9982,7451,1263.0,shape,False,True,America/Los_Angeles,3,95320,1840020262
5130,Sebastopol,Sebastopol,CA,California,6097,Sonoma,38.4001,-122.8275,7445,1527.2,shape,False,True,America/Los_Angeles,3,95472 95473,1840021489
5150,Cottonwood,Cottonwood,CA,California,6089,Shasta,40.3903,-122.3156,7408,216.3,shape,False,False,America/Los_Angeles,3,96022,1840017489
5165,Franklin,Franklin,CA,California,6047,Merced,37.3275,-120.5321,7392,1409.3,shape,False,True,America/Los_Angeles,3,95348,1840075835
5166,Paradise,Paradise,CA,California,6007,Butte,39.7558,-121.6063,7392,155.8,shape,False,True,America/Los_Angeles,3,95969 95967,1840022428
5167,Magalia,Magalia,CA,California,6007,Butte,39.8228,-121.6078,7389,203.4,shape,False,False,America/Los_Angeles,3,95954,1840017530
5171,Garnet,Garnet,CA,California,6065,Riverside,33.9179,-116.4796,7382,361.9,shape,False,False,America/Los_Angeles,3,92240 92241,1840026985
5179,Alta Sierra,Alta Sierra,CA,California,6057,Nevada,39.1237,-121.0523,7361,341.6,shape,False,False,America/Los_Angeles,3,95949,1840017553
5191,Ladera Heights,Ladera Heights,CA,California,6037,Los Angeles,33.9972,-118.374,7334,955.0,shape,False,False,America/Los_Angeles,3,90056 90230,1840028381
5194,Gridley,Gridley,CA,California,6007,Butte,39.3622,-121.6971,7330,1275.2,shape,False,True,America/Los_Angeles,3,95948,1840020181
5203,Heber,Heber,CA,California,6025,Imperial,32.7325,-115.5294,7312,1966.5,shape,False,False,America/Los_Angeles,3,92249,1840018034
5237,Boyes Hot Springs,Boyes Hot Springs,CA,California,6097,Sonoma,38.3126,-122.4888,7247,2638.7,shape,False,False,America/Los_Angeles,2,95476 95416,1840017572
5250,Mammoth Lakes,Mammoth Lakes,CA,California,6051,Mono,37.6273,-118.99,7214,112.0,shape,False,True,America/Los_Angeles,3,93546,1840022493
5251,Earlimart,Earlimart,CA,California,6107,Tulare,35.8914,-119.2721,7214,959.4,shape,False,False,America/Los_Angeles,3,93219,1840019032
5266,Mecca,Mecca,CA,California,6065,Riverside,33.5767,-116.0645,7184,401.0,shape,False,False,America/Los_Angeles,3,92254,1840019285
5281,Sausalito,Sausalito,CA,California,6041,Marin,37.8581,-122.4933,7141,1563.0,shape,False,True,America/Los_Angeles,3,94965 94966,1840021514
5284,East Foothills,East Foothills,CA,California,6085,Santa Clara,37.3826,-121.8138,7139,1296.0,shape,False,False,America/Los_Angeles,3,95127,1840028369
5286,Rancho Calaveras,Rancho Calaveras,CA,California,6009,Calaveras,38.1248,-120.857,7131,275.9,shape,False,False,America/Los_Angeles,3,95252,1840018867
5288,Oceano,Oceano,CA,California,6079,San Luis Obispo,35.1019,-120.6088,7128,1791.2,shape,False,False,America/Los_Angeles,3,93420 93445 93475,1840019123
5289,Taft,Taft,CA,California,6029,Kern,35.1268,-119.4243,7125,180.1,shape,False,True,America/Los_Angeles,3,93268,1840021736
5298,Fowler,Fowler,CA,California,6019,Fresno,36.6243,-119.6737,7094,1038.6,shape,False,True,America/Los_Angeles,3,93625,1840020318
5314,Piñon Hills,Pinon Hills,CA,California,6071,San Bernardino,34.4437,-117.6214,7065,84.9,shape,False,False,America/Los_Angeles,3,92371 92372,1840025799
5329,Fort Bragg,Fort Bragg,CA,California,6045,Mendocino,39.4399,-123.8013,7032,940.1,shape,False,True,America/Los_Angeles,3,95437,1840020189
5344,Atherton,Atherton,CA,California,6081,San Mateo,37.454,-122.2031,6993,538.3,shape,False,True,America/Los_Angeles,3,94027,1840020308
5355,Silver Lakes,Silver Lakes,CA,California,6071,San Bernardino,34.7515,-117.343,6977,514.8,shape,False,False,America/Los_Angeles,3,92342,1840024935
5372,San Martin,San Martin,CA,California,6085,Santa Clara,37.0829,-121.5963,6954,231.5,shape,False,False,America/Los_Angeles,3,95020 95046 95038,1840018948
5399,Kentfield,Kentfield,CA,California,6041,Marin,37.9481,-122.5497,6900,880.2,shape,False,False,America/Los_Angeles,3,94904 94939 94914 94974,1840017603
5403,Contra Costa Centre,Contra Costa Centre,CA,California,6013,Contra Costa,37.926,-122.054,6893,4180.0,shape,False,False,America/Los_Angeles,2,94598 94597,1840028422
5409,Mira Monte,Mira Monte,CA,California,6111,Ventura,34.4312,-119.2878,6888,552.3,shape,False,False,America/Los_Angeles,3,93023,1840019197
5424,Ben Lomond,Ben Lomond,CA,California,6087,Santa Cruz,37.0782,-122.0881,6858,316.4,shape,False,False,America/Los_Angeles,3,95005 95018,1840017649
5429,Loomis,Loomis,CA,California,6061,Placer,38.8093,-121.1955,6853,366.0,shape,False,True,America/Los_Angeles,3,95650,1840021462
5443,South Monrovia Island,South Monrovia Island,CA,California,6037,Los Angeles,34.1234,-117.9958,6830,4811.5,shape,False,True,America/Los_Angeles,2,91016 91010,1840043043
5456,Nuevo,Nuevo,CA,California,6065,Riverside,33.8011,-117.1414,6803,388.0,shape,False,False,America/Los_Angeles,3,92567,1840019287
5467,Vandenberg Village,Vandenberg Village,CA,California,6083,Santa Barbara,34.7111,-120.4622,6776,496.4,shape,False,False,America/Los_Angeles,3,93436,1840019185
5491,Thermalito,Thermalito,CA,California,6007,Butte,39.4909,-121.615,6720,204.5,shape,False,False,America/Los_Angeles,3,95965,1840018780
5492,Castroville,Castroville,CA,California,6053,Monterey,36.7649,-121.7534,6720,2540.0,shape,False,False,America/Los_Angeles,2,95012,1840017682
5518,Moapa Valley,Moapa Valley,NV,Nevada,32003,Clark,36.6078,-114.4566,6684,59.1,shape,False,False,America/Los_Angeles,3,89040 89021,1840033831
5525,Cherry Valley,Cherry Valley,CA,California,6065,Riverside,33.9797,-116.9694,6668,321.4,shape,False,False,America/Los_Angeles,3,92223,1840017983
5559,Desert Palms,Desert Palms,CA,California,6065,Riverside,33.7789,-116.293,6579,949.7,shape,False,True,America/Los_Angeles,3,92211,1840043016
5565,Jamul,Jamul,CA,California,6073,San Diego,32.7184,-116.8709,6574,150.8,shape,False,False,America/Los_Angeles,3,91935 91978 92022,1840018021
5578,Calipatria,Calipatria,CA,California,6025,Imperial,33.1493,-115.5055,6548,678.5,shape,False,True,America/Los_Angeles,3,92233,1840019380
5597,Lake Mathews,Lake Mathews,CA,California,6065,Riverside,33.825,-117.3683,6527,158.2,shape,False,True,America/Los_Angeles,4,92570 92504,1840075920
5602,Huron,Huron,CA,California,6019,Fresno,36.2041,-120.0961,6519,1493.8,shape,False,True,America/Los_Angeles,3,93234,1840018946
5609,Colusa,Colusa,CA,California,6011,Colusa,39.2059,-122.0125,6505,575.9,shape,False,True,America/Los_Angeles,3,95932,1840018810
5626,Lucas Valley-Marinwood,Lucas Valley-Marinwood,CA,California,6041,Marin,38.0405,-122.5765,6473,436.1,shape,False,True,America/Los_Angeles,3,94903 94913,1840073922
5633,Johnson Lane,Johnson Lane,NV,Nevada,32005,Douglas,39.0489,-119.7245,6467,114.2,shape,False,False,America/Los_Angeles,3,89423,1840033830
5648,Wilton,Wilton,CA,California,6067,Sacramento,38.413,-121.2127,6433,85.6,shape,False,False,America/Los_Angeles,3,95693,1840018848
5666,Aptos,Aptos,CA,California,6087,Santa Cruz,36.9912,-121.8934,6404,375.9,shape,False,False,America/Los_Angeles,3,95003 95001,1840017648
5677,El Rio,El Rio,CA,California,6111,Ventura,34.2453,-119.1568,6368,1220.0,shape,False,False,America/Los_Angeles,3,93036,1840017913
5755,Joshua Tree,Joshua Tree,CA,California,6071,San Bernardino,34.1236,-116.3128,6234,66.7,shape,False,False,America/Los_Angeles,3,92252,1840017802
5767,Pollock Pines,Pollock Pines,CA,California,6017,El Dorado,38.7575,-120.5921,6212,278.1,shape,False,False,America/Los_Angeles,3,95726 95709,1840018831
5783,Willows,Willows,CA,California,6021,Glenn,39.5149,-122.1995,6190,842.8,shape,False,True,America/Los_Angeles,3,95988,1840021438
5789,Lemoore Station,Lemoore Station,CA,California,6031,Kings,36.2633,-119.9048,6175,563.2,shape,True,True,America/Los_Angeles,3,93246 93245,1840074319
5809,Oak View,Oak View,CA,California,6111,Ventura,34.403,-119.299,6141,696.0,shape,False,False,America/Los_Angeles,3,93022,1840019199
5813,Gustine,Gustine,CA,California,6047,Merced,37.2545,-120.9949,6133,1259.7,shape,False,True,America/Los_Angeles,3,95322,1840020310
5814,Hilmar-Irwin,Hilmar-Irwin,CA,California,6047,Merced,37.4045,-120.8504,6132,602.9,shape,False,True,America/Los_Angeles,3,95324,1840074136
5833,Fruitridge Pocket,Fruitridge Pocket,CA,California,6067,Sacramento,38.5326,-121.4558,6095,3977.9,shape,False,True,America/Los_Angeles,2,95820,1840075898
5836,Oakhurst,Oakhurst,CA,California,6039,Madera,37.3475,-119.6202,6091,70.3,shape,False,False,America/Los_Angeles,3,93644,1840018918
5863,Crescent City,Crescent City,CA,California,6015,Del Norte,41.7728,-124.1902,6046,1189.1,shape,False,True,America/Los_Angeles,3,95531 95532,1840018707
5874,Solvang,Solvang,CA,California,6083,Santa Barbara,34.5935,-120.1401,6034,960.6,shape,False,True,America/Los_Angeles,3,93463,1840021831
5902,Salton City,Salton City,CA,California,6025,Imperial,33.2994,-115.9609,5988,107.8,shape,False,False,America/Los_Angeles,3,92274 92275,1840019374
5908,West Modesto,West Modesto,CA,California,6099,Stanislaus,37.6178,-121.0346,5978,1671.7,shape,False,True,America/Los_Angeles,3,95358 95351,1840074716
5909,Cambria,Cambria,CA,California,6079,San Luis Obispo,35.552,-121.0838,5978,274.2,shape,False,False,America/Los_Angeles,3,93428,1840017806
5928,Lucerne Valley,Lucerne Valley,CA,California,6071,San Bernardino,34.4427,-116.9021,5957,21.8,shape,False,False,America/Los_Angeles,3,92356,1840025800
5940,Happy Valley,Happy Valley,CA,California,6089,Shasta,40.4662,-122.4207,5944,135.9,shape,False,False,America/Los_Angeles,3,96007,1840153153
5960,Bear Valley Springs,Bear Valley Springs,CA,California,6029,Kern,35.174,-118.6532,5912,58.7,shape,False,False,America/Los_Angeles,3,93561,1840017809
5987,Rancho Murieta,Rancho Murieta,CA,California,6067,Sacramento,38.5085,-121.0716,5875,190.9,shape,False,False,America/Los_Angeles,3,95683,1840028329
5991,Hidden Valley Lake,Hidden Valley Lake,CA,California,6033,Lake,38.8005,-122.5505,5872,230.9,shape,False,False,America/Los_Angeles,3,95461 95457 95467,1840017549
6016,Eucalyptus Hills,Eucalyptus Hills,CA,California,6073,San Diego,32.885,-116.9453,5840,473.9,shape,False,False,America/Los_Angeles,3,92040,1840026996
6026,Camino Tassajara,Camino Tassajara,CA,California,6013,Contra Costa,37.7909,-121.8851,5831,1764.3,shape,False,False,America/Los_Angeles,3,94506,1840028420
6027,Strawberry,Strawberry,CA,California,6041,Marin,37.8925,-122.5078,5830,1692.0,shape,False,False,America/Los_Angeles,3,94941,1840136945
6056,McSwain,McSwain,CA,California,6047,Merced,37.3145,-120.5868,5783,370.5,shape,False,True,America/Los_Angeles,3,95301 95341,1840038303
6069,Dos Palos,Dos Palos,CA,California,6047,Merced,36.9854,-120.6338,5765,1649.8,shape,False,True,America/Los_Angeles,3,93620,1840018935
6077,Villa Park,Villa Park,CA,California,6059,Orange,33.818,-117.8104,5748,1068.3,shape,False,True,America/Los_Angeles,3,92861,1840021968
6105,Benton Park,Benton Park,CA,California,6029,Kern,35.3463,-119.0297,5707,2938.2,shape,False,False,America/Los_Angeles,2,93304,1840149289
6132,Saranap,Saranap,CA,California,6013,Contra Costa,37.8878,-122.076,5662,1926.2,shape,False,False,America/Los_Angeles,3,94595,1840024710
6163,Holtville,Holtville,CA,California,6025,Imperial,32.8129,-115.3779,5617,1897.9,shape,False,True,America/Los_Angeles,3,92250,1840020631
6177,Williams,Williams,CA,California,6011,Colusa,39.1498,-122.1389,5585,436.0,shape,False,True,America/Los_Angeles,3,95987,1840021460
6185,Keyes,Keyes,CA,California,6099,Stanislaus,37.5573,-120.9114,5577,1373.4,shape,False,False,America/Los_Angeles,3,95382 95307 95328,1840017618
6213,Indian Hills,Indian Hills,NV,Nevada,32005,Douglas,39.0894,-119.7977,5527,146.1,shape,False,False,America/Los_Angeles,3,89423 89705 89702,1840033829
6223,Las Flores,Las Flores,CA,California,6059,Orange,33.584,-117.6237,5513,845.2,shape,False,False,America/Los_Angeles,3,92688,1840136071
6229,Old Fig Garden,Old Fig Garden,CA,California,6019,Fresno,36.7989,-119.8052,5503,1275.0,shape,False,True,America/Los_Angeles,3,93704 93705,1840076004
6241,Pleasure Point,Pleasure Point,CA,California,6087,Santa Cruz,36.9619,-121.9715,5489,2827.5,shape,False,True,America/Los_Angeles,2,95062,1840074532
6246,Gardnerville,Gardnerville,NV,Nevada,32005,Douglas,38.939,-119.7369,5486,441.3,shape,False,False,America/Los_Angeles,3,89410 89423,1840017563
6250,East Pasadena,East Pasadena,CA,California,6037,Los Angeles,34.1378,-118.0776,5479,1605.9,shape,False,False,America/Los_Angeles,3,91107,1840028234
6251,La Habra Heights,La Habra Heights,CA,California,6037,Los Angeles,33.9603,-117.951,5478,343.4,shape,False,True,America/Los_Angeles,3,90631,1840020511
6262,Bonadelle Ranchos,Bonadelle Ranchos,CA,California,6039,Madera,36.9688,-119.8927,5465,234.1,shape,False,False,America/Los_Angeles,3,93636,1840147199
6265,Lake of the Pines,Lake of the Pines,CA,California,6057,Nevada,39.0357,-121.059,5461,834.4,shape,False,False,America/Los_Angeles,3,95602,1840017554
6348,Durham,Durham,CA,California,6007,Butte,39.6232,-121.7875,5340,25.2,shape,False,False,America/Los_Angeles,3,95958 95928 95965 95938,1840018775
6360,Myrtletown,Myrtletown,CA,California,6023,Humboldt,40.7888,-124.1286,5322,979.7,shape,False,False,America/Los_Angeles,3,95503 95501,1840018716
6365,St. Helena,St. Helena,CA,California,6055,Napa,38.5063,-122.4682,5318,413.9,shape,False,True,America/Los_Angeles,3,94574,1840021486
6380,Yosemite Lakes,Yosemite Lakes,CA,California,6039,Madera,37.1885,-119.7723,5288,97.7,shape,False,False,America/Los_Angeles,3,93614,1840018920
6400,Palermo,Palermo,CA,California,6007,Butte,39.4313,-121.5225,5266,69.7,shape,False,False,America/Los_Angeles,3,95968 95966 95965,1840018777
6420,El Granada,El Granada,CA,California,6081,San Mateo,37.5134,-122.4657,5232,411.4,shape,False,False,America/Los_Angeles,3,94019 94018,1840017624
6467,Kensington,Kensington,CA,California,6013,Contra Costa,37.9083,-122.2805,5179,2074.9,shape,False,False,America/Los_Angeles,2,94707 94708,1840017613
6475,Mojave,Mojave,CA,California,6029,Kern,35.0139,-118.1896,5173,34.2,shape,False,False,America/Los_Angeles,3,93501 93502,1840019134
6506,Goshen,Goshen,CA,California,6107,Tulare,36.3493,-119.4206,5136,704.3,shape,False,False,America/Los_Angeles,3,93291 93227,1840017693
6512,Woodside,Woodside,CA,California,6081,San Mateo,37.4221,-122.2586,5126,172.6,shape,False,True,America/Los_Angeles,3,94062,1840022548
6524,Lakeport,Lakeport,CA,California,6033,Lake,39.0392,-122.9218,5113,645.5,shape,False,True,America/Los_Angeles,3,95453,1840020220
6526,Calistoga,Calistoga,CA,California,6055,Napa,38.5818,-122.5824,5111,765.1,shape,False,True,America/Los_Angeles,3,94515,1840018835
6539,Nellis AFB,Nellis AFB,NV,Nevada,32003,Clark,36.2466,-115.0571,5087,716.9,shape,True,True,America/Los_Angeles,3,89115 89191,1840074502
6549,Buellton,Buellton,CA,California,6083,Santa Barbara,34.6152,-120.1943,5074,1238.2,shape,False,True,America/Los_Angeles,3,93427,1840019186
6552,Twin Lakes,Twin Lakes,CA,California,6087,Santa Cruz,36.9646,-121.9896,5073,2834.7,shape,False,False,America/Los_Angeles,2,95062,1840028200
6557,Wrightwood,Wrightwood,CA,California,6071,San Bernardino,34.3495,-117.63,5067,328.7,shape,False,False,America/Los_Angeles,3,92397,1840019116
6560,East Porterville,East Porterville,CA,California,6107,Tulare,36.0581,-118.9749,5066,921.7,shape,False,False,America/Los_Angeles,3,93257,1840017691
6563,Silver Springs,Silver Springs,NV,Nevada,32019,Lyon,39.3826,-119.2148,5060,27.3,shape,False,False,America/Los_Angeles,3,89429,1840018797
6569,Jackson,Jackson,CA,California,6005,Amador,38.3485,-120.7728,5048,544.0,shape,False,True,America/Los_Angeles,3,95642,1840018852
6573,Mayfair,Mayfair,CA,California,6019,Fresno,36.7694,-119.7612,5044,3757.4,shape,False,True,America/Los_Angeles,2,93703,1840075970
6576,Big Bear Lake,Big Bear Lake,CA,California,6071,San Bernardino,34.2429,-116.8951,5041,311.3,shape,False,True,America/Los_Angeles,3,92315,1840019119
6659,Mayflower Village,Mayflower Village,CA,California,6037,Los Angeles,34.116,-118.0096,4950,2785.8,shape,False,False,America/Los_Angeles,2,91006 91016,1840028387
6682,Willits,Willits,CA,California,6045,Mendocino,39.4047,-123.3494,4920,672.0,shape,False,True,America/Los_Angeles,3,95490,1840021421
6683,Sonora,Sonora,CA,California,6109,Tuolumne,37.9819,-120.3828,4919,600.5,shape,False,True,America/Los_Angeles,3,95370,1840021511
6686,Running Springs,Running Springs,CA,California,6071,San Bernardino,34.2104,-117.1147,4917,451.6,shape,False,False,America/Los_Angeles,3,92382,1840019112
6688,Denair,Denair,CA,California,6099,Stanislaus,37.5254,-120.7974,4914,1155.4,shape,False,False,America/Los_Angeles,3,95316,1840018906
6696,Greenacres,Greenacres,CA,California,6029,Kern,35.3831,-119.1184,4906,994.8,shape,False,False,America/Los_Angeles,3,93312,1840026940
6728,Needles,Needles,CA,California,6071,San Bernardino,34.8164,-114.6189,4872,61.5,shape,False,True,America/Los_Angeles,3,92363,1840020409
6729,Indian Wells,Indian Wells,CA,California,6065,Riverside,33.7036,-116.3396,4871,131.5,shape,False,True,America/Los_Angeles,3,92210,1840019303
6751,Tara Hills,Tara Hills,CA,California,6013,Contra Costa,37.9939,-122.3188,4840,2802.5,shape,False,False,America/Los_Angeles,2,94806,1840028315
6790,Phoenix Lake,Phoenix Lake,CA,California,6109,Tuolumne,38.0076,-120.309,4794,167.2,shape,False,False,America/Los_Angeles,3,95370,1840026756
6793,Lake Wildwood,Lake Wildwood,CA,California,6057,Nevada,39.2349,-121.2002,4792,605.0,shape,False,False,America/Los_Angeles,3,95946,1840028313
6800,Carmel Valley Village,Carmel Valley Village,CA,California,6053,Monterey,36.4824,-121.7198,4785,97.3,shape,False,False,America/Los_Angeles,3,93924 93922,1840028359
6814,Elverta,Elverta,CA,California,6067,Sacramento,38.7185,-121.4455,4769,208.3,shape,False,False,America/Los_Angeles,3,95626,1840024623
6825,Bret Harte,Bret Harte,CA,California,6099,Stanislaus,37.6021,-121.0045,4757,3338.1,shape,False,True,America/Los_Angeles,2,95358,1840036997
6882,Lake San Marcos,Lake San Marcos,CA,California,6073,San Diego,33.1197,-117.209,4693,1061.6,shape,False,False,America/Los_Angeles,3,92078,1840018024
6883,Brisbane,Brisbane,CA,California,6081,San Mateo,37.6902,-122.4021,4692,606.3,shape,False,True,America/Los_Angeles,3,94005,1840028147
6929,Sunnyside,Sunnyside,CA,California,6019,Fresno,36.7294,-119.6945,4639,944.3,shape,False,False,America/Los_Angeles,3,93727,1840024781
6933,Boulder Creek,Boulder Creek,CA,California,6087,Santa Cruz,37.1341,-122.1272,4632,238.1,shape,False,False,America/Los_Angeles,3,95006,1840017650
6937,Ivanhoe,Ivanhoe,CA,California,6107,Tulare,36.3834,-119.22,4629,1364.6,shape,False,False,America/Los_Angeles,3,93235,1840017694
6982,Broadmoor,Broadmoor,CA,California,6081,San Mateo,37.6916,-122.4814,4586,4099.1,shape,False,False,America/Los_Angeles,2,94015,1840017623
7007,Winchester,Winchester,CA,California,6065,Riverside,33.7146,-117.0775,4555,219.3,shape,False,False,America/Los_Angeles,3,92596 92545,1840019295
7043,Mather,Mather,CA,California,6067,Sacramento,38.5488,-121.2831,4520,174.1,shape,False,True,America/Los_Angeles,4,95827 95655,1840075962
7050,West Wendover,West Wendover,NV,Nevada,32007,Elko,40.7407,-114.0783,4514,233.1,shape,False,True,America/Denver,3,89883,1840021336
7054,Bella Vista,Bella Vista,CA,California,6089,Shasta,40.6427,-122.246,4511,65.9,shape,False,False,America/Los_Angeles,3,96003 96008 96073,1840022392
7098,Santa Ynez,Santa Ynez,CA,California,6083,Santa Barbara,34.6168,-120.0948,4467,357.1,shape,False,False,America/Los_Angeles,3,93460 93463,1840019184
7153,Lemmon Valley,Lemmon Valley,NV,Nevada,32031,Washoe,39.6879,-119.8364,4412,106.8,shape,False,False,America/Los_Angeles,3,89506 89504,1840033785
7168,Brooktrails,Brooktrails,CA,California,6045,Mendocino,39.4429,-123.3963,4398,234.1,shape,False,False,America/Los_Angeles,3,95490,1840028317
7211,Cutler,Cutler,CA,California,6107,Tulare,36.5247,-119.2889,4361,1376.2,shape,False,False,America/Los_Angeles,3,93615,1840019030
7231,Bonsall,Bonsall,CA,California,6073,San Diego,33.2764,-117.1941,4332,122.8,shape,False,False,America/Los_Angeles,3,92084 92003,1840018016
7234,Harbison Canyon,Harbison Canyon,CA,California,6073,San Diego,32.8273,-116.8381,4328,165.9,shape,False,False,America/Los_Angeles,3,91901 92021 92019,1840018020
7237,Pacheco,Pacheco,CA,California,6013,Contra Costa,37.9878,-122.07,4325,2223.0,shape,False,False,America/Los_Angeles,2,94553,1840018898
7252,Portola Valley,Portola Valley,CA,California,6081,San Mateo,37.3711,-122.2202,4305,183.0,shape,False,True,America/Los_Angeles,3,94028,1840021553
7276,Copperopolis,Copperopolis,CA,California,6009,Calaveras,37.9488,-120.6352,4285,124.3,shape,False,False,America/Los_Angeles,3,95228,1840017589
7329,Lincoln Village,Lincoln Village,CA,California,6077,San Joaquin,38.0054,-121.334,4241,2227.7,shape,False,False,America/Los_Angeles,2,95207,1840028163
7337,Emerald Lake Hills,Emerald Lake Hills,CA,California,6081,San Mateo,37.4662,-122.2674,4235,1383.1,shape,False,False,America/Los_Angeles,3,94062 94064,1840028374
7370,Morongo Valley,Morongo Valley,CA,California,6071,San Bernardino,34.0724,-116.5627,4209,64.4,shape,False,False,America/Los_Angeles,3,92256,1840019110
7420,Ford City,Ford City,CA,California,6029,Kern,35.1647,-119.4584,4162,1047.1,shape,False,False,America/Los_Angeles,3,93268,1840017817
7442,Woodbridge,Woodbridge,CA,California,6077,San Joaquin,38.1692,-121.3113,4144,530.8,shape,False,False,America/Los_Angeles,3,95258 95241,1840026773
7446,Bystrom,Bystrom,CA,California,6099,Stanislaus,37.6198,-120.9813,4143,2941.0,shape,False,False,America/Los_Angeles,2,95351,1840028337
7465,Clearlake Riviera,Clearlake Riviera,CA,California,6033,Lake,38.9513,-122.7208,4122,301.0,shape,False,True,America/Los_Angeles,3,95451,1840075664
7493,Guerneville,Guerneville,CA,California,6097,Sonoma,38.5137,-122.9894,4100,163.0,shape,False,False,America/Los_Angeles,3,95446 95471,1840017578
7501,Felton,Felton,CA,California,6087,Santa Cruz,37.0392,-122.0808,4093,340.6,shape,False,False,America/Los_Angeles,3,95018,1840017651
7506,North El Monte,North El Monte,CA,California,6037,Los Angeles,34.1029,-118.0239,4086,3709.0,shape,False,False,America/Los_Angeles,2,91006 91780,1840028391
7537,Lake Isabella,Lake Isabella,CA,California,6029,Kern,35.6378,-118.482,4059,72.2,shape,False,False,America/Los_Angeles,3,93285 93240,1840017823
7541,Oasis,Oasis,CA,California,6065,Riverside,33.5275,-116.1261,4051,79.6,shape,False,False,America/Los_Angeles,3,92274,1840026987
7566,Weaverville,Weaverville,CA,California,6105,Trinity,40.7407,-122.929,4018,120.4,shape,False,False,America/Los_Angeles,3,96093,1840018721
7570,Kelseyville,Kelseyville,CA,California,6033,Lake,38.9704,-122.8328,4011,536.8,shape,False,False,America/Los_Angeles,3,95451,1840017550
7616,Coarsegold,Coarsegold,CA,California,6039,Madera,37.2401,-119.7021,3967,88.9,shape,False,False,America/Los_Angeles,3,93614,1840025724
7617,San Miguel,San Miguel,CA,California,6013,Contra Costa,37.8867,-122.0368,3967,1458.3,shape,False,True,America/Los_Angeles,3,94596,1840076163
7628,Idyllwild-Pine Cove,Idyllwild-Pine Cove,CA,California,6065,Riverside,33.7443,-116.7258,3957,111.3,shape,False,True,America/Los_Angeles,4,92549,1840074173
7658,Meiners Oaks,Meiners Oaks,CA,California,6111,Ventura,34.4553,-119.2702,3934,622.9,shape,False,False,America/Los_Angeles,3,93023,1840019196
7662,Ely,Ely,NV,Nevada,32033,White Pine,39.265,-114.8708,3929,198.9,shape,False,True,America/Los_Angeles,3,89301,1840020183
7698,Del Mar,Del Mar,CA,California,6073,San Diego,32.9635,-117.2624,3903,877.7,shape,False,True,America/Los_Angeles,3,92014,1840019355
7708,Armona,Armona,CA,California,6031,Kings,36.3166,-119.7054,3890,731.6,shape,False,False,America/Los_Angeles,3,93202 93230,1840017716
7723,Wheatland,Wheatland,CA,California,6115,Yuba,39.0287,-121.39,3876,184.3,shape,False,True,America/Los_Angeles,3,95692,1840021446
7737,Mission Hills,Mission Hills,CA,California,6083,Santa Barbara,34.6861,-120.4404,3859,1232.7,shape,False,False,America/Los_Angeles,3,93436,1840028388
7739,North Richmond,North Richmond,CA,California,6013,Contra Costa,37.9641,-122.3711,3855,1071.1,shape,False,False,America/Los_Angeles,3,94801,1840024709
7758,Lockeford,Lockeford,CA,California,6077,San Joaquin,38.1508,-121.1554,3838,177.7,shape,False,False,America/Los_Angeles,3,95240 95237,1840018894
7793,Lake California,Lake California,CA,California,6103,Tehama,40.3608,-122.2102,3808,233.0,shape,False,True,America/Los_Angeles,3,96022,1840042932
7802,Shingle Springs,Shingle Springs,CA,California,6017,El Dorado,38.6665,-120.9371,3801,179.0,shape,False,False,America/Los_Angeles,3,95682,1840018830
7811,Granite Hills,Granite Hills,CA,California,6073,San Diego,32.8033,-116.9056,3795,524.6,shape,False,False,America/Los_Angeles,3,92021 92019,1840028377
7823,Sage,Sage,CA,California,6065,Riverside,33.5983,-116.9154,3781,21.4,shape,False,False,America/Los_Angeles,3,92544 92543,1840131284
7826,Desert Edge,Desert Edge,CA,California,6065,Riverside,33.9223,-116.4401,3778,643.3,shape,False,False,America/Los_Angeles,3,92241,1840022907
7827,Bishop,Bishop,CA,California,6027,Inyo,37.3665,-118.3958,3778,782.6,shape,False,True,America/Los_Angeles,3,93514 93515,1840018955
7855,Old Stine,Old Stine,CA,California,6029,Kern,35.3478,-119.047,3760,2353.6,shape,False,False,America/Los_Angeles,2,93309,1840147390
7869,Pixley,Pixley,CA,California,6107,Tulare,35.9785,-119.3003,3742,275.2,shape,False,False,America/Los_Angeles,3,93256,1840019036
7880,Santa Venetia,Santa Venetia,CA,California,6041,Marin,38.0056,-122.5033,3725,392.5,shape,False,False,America/Los_Angeles,3,94901 94903,1840018887
7889,Forestville,Forestville,CA,California,6097,Sonoma,38.4825,-122.8899,3717,273.0,shape,False,False,America/Los_Angeles,3,95436,1840017575
7893,Angels,Angels,CA,California,6009,Calaveras,38.0706,-120.5501,3716,395.0,shape,False,True,America/Los_Angeles,3,95222 95221,1840074780
7901,Esparto,Esparto,CA,California,6113,Yolo,38.6934,-122.0241,3713,311.6,shape,False,False,America/Los_Angeles,3,95627,1840017569
7905,San Joaquin,San Joaquin,CA,California,6019,Fresno,36.6057,-120.1897,3708,1228.7,shape,False,True,America/Los_Angeles,3,93660,1840021565
7907,Minden,Minden,NV,Nevada,32005,Douglas,38.9632,-119.7683,3707,386.7,shape,False,False,America/Los_Angeles,3,89423,1840018826
7935,Palo Cedro,Palo Cedro,CA,California,6089,Shasta,40.5658,-122.2425,3685,173.9,shape,False,False,America/Los_Angeles,3,96073,1840018731
7957,Mono Vista,Mono Vista,CA,California,6109,Tuolumne,38.0123,-120.2697,3675,502.1,shape,False,False,America/Los_Angeles,3,95370,1840018880
7992,Riverdale,Riverdale,CA,California,6019,Fresno,36.4304,-119.8671,3653,359.4,shape,False,False,America/Los_Angeles,3,93656,1840018942
8010,West Menlo Park,West Menlo Park,CA,California,6081,San Mateo,37.4339,-122.2034,3634,2892.9,shape,False,False,America/Los_Angeles,2,94025,1840028407
8019,Rollingwood,Rollingwood,CA,California,6013,Contra Costa,37.9654,-122.3306,3627,3192.2,shape,False,False,America/Los_Angeles,2,94806,1840028352
8040,Del Monte Forest,Del Monte Forest,CA,California,6053,Monterey,36.5854,-121.9434,3613,173.8,shape,False,False,America/Los_Angeles,3,93953,1840019016
8074,Day Valley,Day Valley,CA,California,6087,Santa Cruz,37.0255,-121.8559,3579,74.7,shape,False,False,America/Los_Angeles,3,95076 95003,1840028365
8105,Humboldt Hill,Humboldt Hill,CA,California,6023,Humboldt,40.7219,-124.1987,3551,330.0,shape,False,False,America/Los_Angeles,3,95503,1840028380
8108,Cutten,Cutten,CA,California,6023,Humboldt,40.7657,-124.1445,3550,1067.7,shape,False,False,America/Los_Angeles,3,95503,1840018715
8123,Vine Hill,Vine Hill,CA,California,6013,Contra Costa,38.007,-122.0873,3540,910.0,shape,False,False,America/Los_Angeles,3,94553,1840018902
8136,Hidden Meadows,Hidden Meadows,CA,California,6073,San Diego,33.2237,-117.1198,3524,206.6,shape,False,False,America/Los_Angeles,3,92026,1840028378
8143,Battle Mountain,Battle Mountain,NV,Nevada,32015,Lander,40.6299,-116.9518,3518,222.2,shape,False,False,America/Los_Angeles,3,89820,1840017497
8149,North Shore,North Shore,CA,California,6065,Riverside,33.5157,-115.9092,3515,121.4,shape,False,True,America/Los_Angeles,4,92254,1840038388
8152,Mountain View Acres,Mountain View Acres,CA,California,6071,San Bernardino,34.4976,-117.3472,3512,853.6,shape,False,False,America/Los_Angeles,3,92392,1840019111
8161,Planada,Planada,CA,California,6047,Merced,37.2902,-120.3217,3506,777.4,shape,False,False,America/Los_Angeles,3,95333 95365,1840018932
8165,Buckhorn,Buckhorn,CA,California,6005,Amador,38.4548,-120.5323,3504,274.3,shape,False,False,America/Los_Angeles,3,95666 95644,1840025656
8183,Cambrian Park,Cambrian Park,CA,California,6085,Santa Clara,37.2563,-121.9287,3494,2334.6,shape,False,False,America/Los_Angeles,2,95124,1840017639
8206,Vandenberg AFB,Vandenberg AFB,CA,California,6083,Santa Barbara,34.7477,-120.519,3477,60.0,shape,True,True,America/Los_Angeles,4,93437,1840074669
8228,Monte Sereno,Monte Sereno,CA,California,6085,Santa Clara,37.2405,-121.9881,3461,818.0,shape,False,True,America/Los_Angeles,3,95030,1840020330
8230,San Antonio Heights,San Antonio Heights,CA,California,6071,San Bernardino,34.1573,-117.6592,3458,545.9,shape,False,False,America/Los_Angeles,3,91784,1840019113
8251,El Verano,El Verano,CA,California,6097,Sonoma,38.2975,-122.4915,3443,1161.5,shape,False,False,America/Los_Angeles,3,95476 95433,1840017573
8265,Lucerne,Lucerne,CA,California,6033,Lake,39.0698,-122.7746,3435,246.7,shape,False,False,America/Los_Angeles,3,95458,1840017548
8275,Loyola,Loyola,CA,California,6085,Santa Clara,37.3503,-122.0979,3430,952.5,shape,False,False,America/Los_Angeles,3,94024,1840028385
8279,Empire,Empire,CA,California,6099,Stanislaus,37.6432,-120.9073,3429,1133.1,shape,False,False,America/Los_Angeles,3,95319 95357,1840017615
8311,Ridgemark,Ridgemark,CA,California,6069,San Benito,36.8082,-121.3623,3403,511.2,shape,False,False,America/Los_Angeles,3,95023,1840019015
8341,Morada,Morada,CA,California,6077,San Joaquin,38.0386,-121.2456,3383,438.1,shape,False,False,America/Los_Angeles,3,95212,1840028389
8342,Lenwood,Lenwood,CA,California,6071,San Bernardino,34.8861,-117.1078,3383,627.7,shape,False,False,America/Los_Angeles,3,92311,1840017804
8350,Crockett,Crockett,CA,California,6013,Contra Costa,38.0519,-122.2201,3372,1225.6,shape,False,False,America/Los_Angeles,3,94525,1840017608
8360,Squaw Valley,Squaw Valley,CA,California,6019,Fresno,36.6997,-119.1995,3361,20.4,shape,False,False,America/Los_Angeles,3,93675,1840018940
8365,Las Lomas,Las Lomas,CA,California,6053,Monterey,36.8688,-121.7317,3355,1249.2,shape,False,False,America/Los_Angeles,3,95076,1840028099
8372,Rio Dell,Rio Dell,CA,California,6023,Humboldt,40.5023,-124.1105,3349,520.5,shape,False,True,America/Los_Angeles,3,95540 95562,1840020127
8379,Yountville,Yountville,CA,California,6055,Napa,38.3963,-122.3671,3348,867.8,shape,False,True,America/Los_Angeles,3,94599,1840021487
8381,Fetters Hot Springs-Agua Caliente,Fetters Hot Springs-Agua Caliente,CA,California,6097,Sonoma,38.3274,-122.4871,3347,884.6,shape,False,True,America/Los_Angeles,3,95476,1840073930
8391,Lake Nacimiento,Lake Nacimiento,CA,California,6079,San Luis Obispo,35.7308,-120.8695,3339,122.9,shape,False,False,America/Los_Angeles,3,93446,1840017808
8392,Avalon,Avalon,CA,California,6037,Los Angeles,33.3342,-118.3315,3338,446.6,shape,False,True,America/Los_Angeles,3,90704,1840019225
8419,Washoe Valley,Washoe Valley,NV,Nevada,32031,Washoe,39.2923,-119.7767,3315,254.0,shape,False,True,America/Los_Angeles,3,89704,1840043162
8439,Seacliff,Seacliff,CA,California,6087,Santa Cruz,36.977,-121.9176,3299,1745.3,shape,False,False,America/Los_Angeles,3,95003,1840028410
8451,Val Verde,Val Verde,CA,California,6037,Los Angeles,34.4504,-118.6717,3291,495.3,shape,False,False,America/Los_Angeles,3,91384,1840019212
8465,Auburn Lake Trails,Auburn Lake Trails,CA,California,6017,El Dorado,38.8916,-120.9849,3284,99.6,shape,False,False,America/Los_Angeles,3,95614,1840028321
8492,Jamestown,Jamestown,CA,California,6109,Tuolumne,37.9574,-120.411,3265,419.9,shape,False,False,America/Los_Angeles,3,95327 95370,1840017600
8494,French Camp,French Camp,CA,California,6077,San Joaquin,37.8803,-121.2803,3264,407.3,shape,False,False,America/Los_Angeles,3,95231,1840017606
8522,Aromas,Aromas,CA,California,6069,San Benito,36.8771,-121.6404,3245,264.6,shape,False,False,America/Los_Angeles,3,95004,1840017680
8532,Auberry,Auberry,CA,California,6019,Fresno,37.0853,-119.4495,3240,26.9,shape,False,False,America/Los_Angeles,3,93602,1840017628
8605,Marin City,Marin City,CA,California,6041,Marin,37.871,-122.5137,3195,2298.3,shape,False,False,America/Los_Angeles,2,94965,1840026767
8616,Mount Shasta,Mount Shasta,CA,California,6093,Siskiyou,41.3206,-122.315,3182,325.9,shape,False,True,America/Los_Angeles,3,96067,1840020106
8625,Reliez Valley,Reliez Valley,CA,California,6013,Contra Costa,37.9399,-122.1027,3173,519.1,shape,False,True,America/Los_Angeles,3,94549,1840076147
8626,Nevada City,Nevada City,CA,California,6057,Nevada,39.2607,-121.0231,3172,545.2,shape,False,True,America/Los_Angeles,3,95959,1840020226
8627,Freedom,Freedom,CA,California,6087,Santa Cruz,36.9403,-121.7953,3172,1080.5,shape,False,False,America/Los_Angeles,3,95076 95019,1840017652
8644,Carmel-by-the-Sea,Carmel-by-the-Sea,CA,California,6053,Monterey,36.5528,-121.9222,3162,1150.4,shape,False,True,America/Los_Angeles,3,93921 93923,1840019023
8645,Meadow Vista,Meadow Vista,CA,California,6061,Placer,39.0029,-121.0303,3162,231.2,shape,False,False,America/Los_Angeles,3,95722,1840018815
8661,Yerington,Yerington,NV,Nevada,32019,Lyon,38.9554,-119.1101,3150,41.2,shape,False,True,America/Los_Angeles,3,89447,1840021443
8663,Bonny Doon,Bonny Doon,CA,California,6087,Santa Cruz,37.0436,-122.137,3149,73.4,shape,False,False,America/Los_Angeles,3,95060,1840022568
8729,East Richmond Heights,East Richmond Heights,CA,California,6013,Contra Costa,37.945,-122.314,3109,2070.1,shape,False,False,America/Los_Angeles,2,94805,1840028372
8735,Cottonwood,Cottonwood,CA,California,6029,Kern,35.3464,-118.9851,3107,3053.4,shape,False,False,America/Los_Angeles,2,93307,1840153160
8737,Tarpey Village,Tarpey Village,CA,California,6019,Fresno,36.7941,-119.7012,3106,1526.7,shape,False,False,America/Los_Angeles,3,93727,1840024782
8753,Dogtown,Dogtown,CA,California,6077,San Joaquin,38.2096,-121.1551,3094,92.1,shape,False,False,America/Los_Angeles,3,95220,1840024697
8757,Arbuckle,Arbuckle,CA,California,6011,Colusa,39.0141,-122.061,3093,678.8,shape,False,False,America/Los_Angeles,3,95912,1840017555
8768,Pepperdine University,Pepperdine University,CA,California,6037,Los Angeles,34.0422,-118.7091,3087,2214.6,shape,False,False,America/Los_Angeles,2,90265 90263,1840146803
8793,Dixon Lane-Meadow Creek,Dixon Lane-Meadow Creek,CA,California,6027,Inyo,37.3864,-118.4153,3071,352.9,shape,False,True,America/Los_Angeles,3,93514,1840074358
8809,Sleepy Hollow,Sleepy Hollow,CA,California,6041,Marin,38.0121,-122.5878,3063,398.8,shape,False,False,America/Los_Angeles,3,94960,1840140381
8853,Pine Grove,Pine Grove,CA,California,6005,Amador,38.403,-120.6571,3040,156.8,shape,False,False,America/Los_Angeles,3,95665,1840024637
8859,Madera Ranchos,Madera Ranchos,CA,California,6039,Madera,36.9279,-119.8773,3037,450.1,shape,False,False,America/Los_Angeles,3,93636,1840148247
8922,Lake Shastina,Lake Shastina,CA,California,6093,Siskiyou,41.5213,-122.3756,3001,288.7,shape,False,False,America/Los_Angeles,3,96094,1840143487
8927,North Fork,North Fork,CA,California,6039,Madera,37.2306,-119.5199,2999,35.9,shape,False,False,America/Los_Angeles,3,93643 93669,1840130698
8936,North Lakeport,North Lakeport,CA,California,6033,Lake,39.0883,-122.9053,2995,303.5,shape,False,True,America/Los_Angeles,3,95453,1840037120
8965,San Andreas,San Andreas,CA,California,6009,Calaveras,38.1911,-120.6763,2979,114.9,shape,False,False,America/Los_Angeles,3,95249,1840018868
9029,South Taft,South Taft,CA,California,6029,Kern,35.1293,-119.4575,2939,1054.6,shape,False,False,America/Los_Angeles,3,93268,1840019130
9033,Stallion Springs,Stallion Springs,CA,California,6029,Kern,35.0922,-118.6586,2937,83.5,shape,False,False,America/Los_Angeles,3,93561,1840019132
9050,Angwin,Angwin,CA,California,6055,Napa,38.5776,-122.4513,2931,234.3,shape,False,False,America/Los_Angeles,3,94508,1840017570
9077,Montara,Montara,CA,California,6081,San Mateo,37.5483,-122.4923,2917,290.5,shape,False,False,America/Los_Angeles,3,94037,1840018922
9115,Pajaro,Pajaro,CA,California,6053,Monterey,36.9017,-121.7417,2899,1205.0,shape,False,False,America/Los_Angeles,3,95076,1840019019
9149,Parksdale,Parksdale,CA,California,6039,Madera,36.9465,-120.0212,2885,641.6,shape,False,False,America/Los_Angeles,3,93638,1840028393
9166,Pine Hills,Pine Hills,CA,California,6023,Humboldt,40.7313,-124.1551,2875,109.7,shape,False,False,America/Los_Angeles,3,95503,1840028396
9202,Tipton,Tipton,CA,California,6107,Tulare,36.0572,-119.3135,2851,637.6,shape,False,False,America/Los_Angeles,3,93272,1840019039
9209,South Oroville,South Oroville,CA,California,6007,Butte,39.4767,-121.5439,2846,417.0,shape,False,False,America/Los_Angeles,3,95966,1840018776
9222,Pine Mountain Club,Pine Mountain Club,CA,California,6029,Kern,34.8446,-119.1669,2838,65.0,shape,False,False,America/Los_Angeles,3,93222,1840028071
9238,Agua Dulce,Agua Dulce,CA,California,6037,Los Angeles,34.5044,-118.316,2828,47.8,shape,False,False,America/Los_Angeles,3,91390,1840022825
9243,Kelly Ridge,Kelly Ridge,CA,California,6007,Butte,39.5289,-121.4662,2825,559.0,shape,False,True,America/Los_Angeles,3,95966,1840042820
9256,Amesti,Amesti,CA,California,6087,Santa Cruz,36.9583,-121.7805,2818,370.8,shape,False,False,America/Los_Angeles,3,95076,1840028334
9278,Hawthorne,Hawthorne,NV,Nevada,32021,Mineral,38.5253,-118.626,2809,616.6,shape,False,False,America/Los_Angeles,3,89415,1840017564
9292,Bayview,Bayview,CA,California,6023,Humboldt,40.7654,-124.1787,2803,1469.0,shape,False,False,America/Los_Angeles,3,95503,1840017484
9343,Santa Rosa Valley,Santa Rosa Valley,CA,California,6111,Ventura,34.2459,-118.9018,2780,148.8,shape,False,True,America/Los_Angeles,4,93012,1840042299
9354,Crest,Crest,CA,California,6073,San Diego,32.8,-116.8671,2775,164.1,shape,False,False,America/Los_Angeles,3,92021 92019,1840028340
9380,Coronita,Coronita,CA,California,6065,Riverside,33.876,-117.6109,2763,1760.9,shape,False,True,America/Los_Angeles,3,92882,1840075705
9384,Rexland Acres,Rexland Acres,CA,California,6029,Kern,35.3051,-118.997,2760,2050.6,shape,False,False,America/Los_Angeles,2,93307,1840147392
9431,Weed,Weed,CA,California,6093,Siskiyou,41.4127,-122.3816,2737,219.4,shape,False,True,America/Los_Angeles,3,96094,1840021319
9434,Kings Beach,Kings Beach,CA,California,6061,Placer,39.245,-120.0203,2736,369.5,shape,False,False,America/Los_Angeles,3,96143,1840017560
9447,Campo,Campo,CA,California,6073,San Diego,32.6394,-116.4744,2729,44.8,shape,False,False,America/Los_Angeles,3,91906,1840022969
9453,Channel Islands Beach,Channel Islands Beach,CA,California,6111,Ventura,34.1625,-119.2241,2726,2490.5,shape,False,False,America/Los_Angeles,2,93035,1840028360
9462,East Quincy,East Quincy,CA,California,6063,Plumas,39.9165,-120.9189,2723,86.8,shape,False,False,America/Los_Angeles,3,95971,1840017517
9465,Easton,Easton,CA,California,6019,Fresno,36.6524,-119.7908,2722,349.0,shape,False,False,America/Los_Angeles,3,93706 93725,1840017633
9497,Fairbanks Ranch,Fairbanks Ranch,CA,California,6073,San Diego,32.9919,-117.1859,2703,204.8,shape,False,False,America/Los_Angeles,3,92067,1840135662
9498,Sutter Creek,Sutter Creek,CA,California,6005,Amador,38.3827,-120.8106,2702,386.7,shape,False,True,America/Los_Angeles,3,95685,1840021492
9501,Borrego Springs,Borrego Springs,CA,California,6073,San Diego,33.241,-116.3571,2700,24.0,shape,False,False,America/Los_Angeles,3,92004,1840018017
9509,Boron,Boron,CA,California,6029,Kern,35.0161,-117.6661,2698,76.0,shape,False,False,America/Los_Angeles,3,93516 93596,1840017811
9526,Lexington Hills,Lexington Hills,CA,California,6085,Santa Clara,37.1617,-121.9879,2692,220.3,shape,False,False,America/Los_Angeles,3,95033 95026 95044,1840028383
9534,Homestead Valley,Homestead Valley,CA,California,6071,San Bernardino,34.273,-116.4146,2689,30.7,shape,False,True,America/Los_Angeles,4,92285 92284,1840043055
9543,Weedpatch,Weedpatch,CA,California,6029,Kern,35.2369,-118.9123,2685,291.5,shape,False,False,America/Los_Angeles,3,93241 93307,1840019144
9551,Moss Beach,Moss Beach,CA,California,6081,San Mateo,37.5184,-122.5036,2683,463.0,shape,False,False,America/Los_Angeles,3,94038,1840018923
9555,Alturas,Alturas,CA,California,6049,Modoc,41.4898,-120.5516,2681,364.6,shape,False,True,America/Los_Angeles,3,96101,1840018708
9556,Frazier Park,Frazier Park,CA,California,6029,Kern,34.8118,-118.9549,2681,198.5,shape,False,False,America/Los_Angeles,3,93225,1840017818
9564,Strathmore,Strathmore,CA,California,6107,Tulare,36.1461,-119.0644,2675,731.9,shape,False,False,America/Los_Angeles,3,93267,1840019042
9581,Casa Conejo,Casa Conejo,CA,California,6111,Ventura,34.1848,-118.9445,2671,2186.7,shape,False,False,America/Los_Angeles,2,91320,1840017912
9587,Burney,Burney,CA,California,6089,Shasta,40.8846,-121.6691,2668,191.7,shape,False,False,America/Los_Angeles,3,96013,1840017491
9619,Wofford Heights,Wofford Heights,CA,California,6029,Kern,35.7127,-118.4731,2656,160.2,shape,False,False,America/Los_Angeles,3,93285,1840019146
9627,East Sonora,East Sonora,CA,California,6109,Tuolumne,37.9774,-120.3409,2651,418.5,shape,False,False,America/Los_Angeles,3,95370,1840017599
9670,Meadowbrook,Meadowbrook,CA,California,6065,Riverside,33.7253,-117.2851,2627,150.2,shape,False,True,America/Los_Angeles,4,92570,1840075971
9703,Desert View Highlands,Desert View Highlands,CA,California,6037,Los Angeles,34.5903,-118.1535,2613,2287.7,shape,False,False,America/Los_Angeles,2,93551,1840028320
9713,Ross,Ross,CA,California,6041,Marin,37.9638,-122.5615,2606,645.7,shape,False,True,America/Los_Angeles,3,94957,1840021515
9739,China Lake Acres,China Lake Acres,CA,California,6029,Kern,35.6387,-117.7668,2594,192.3,shape,False,False,America/Los_Angeles,3,93555,1840028339
9761,Harmony Grove,Harmony Grove,CA,California,6073,San Diego,33.1007,-117.1381,2585,323.9,shape,False,False,America/Los_Angeles,4,92078 92029,1840131052
9779,Kennedy,Kennedy,CA,California,6077,San Joaquin,37.929,-121.2456,2576,820.6,shape,False,False,America/Los_Angeles,3,95206 95205,1840028346
9795,Nice,Nice,CA,California,6033,Lake,39.1266,-122.8525,2569,574.4,shape,False,False,America/Los_Angeles,3,95464 95485,1840018803
9839,West Bishop,West Bishop,CA,California,6027,Inyo,37.3571,-118.4542,2551,112.5,shape,False,False,America/Los_Angeles,3,93514,1840028404
9851,Collierville,Collierville,CA,California,6077,San Joaquin,38.2141,-121.2675,2546,149.1,shape,False,False,America/Los_Angeles,3,95220 95632,1840022522
9861,Hayfork,Hayfork,CA,California,6105,Trinity,40.561,-123.1298,2537,13.6,shape,False,False,America/Los_Angeles,3,96041,1840017487
9874,Sutter,Sutter,CA,California,6101,Sutter,39.1556,-121.7493,2532,323.1,shape,False,False,America/Los_Angeles,3,95982,1840018819
9966,Edwards AFB,Edwards AFB,CA,California,6029,Kern,34.9045,-117.9294,2500,56.3,shape,True,True,America/Los_Angeles,4,93524 93523,1840073911
9969,Pine Mountain Lake,Pine Mountain Lake,CA,California,6109,Tuolumne,37.8599,-120.1844,2498,50.9,shape,False,True,America/Los_Angeles,4,95321,1840076099
9982,Weldon,Weldon,CA,California,6029,Kern,35.6431,-118.3102,2493,36.1,shape,False,False,America/Los_Angeles,3,93283,1840019145
10007,Arnold,Arnold,CA,California,6009,Calaveras,38.2465,-120.3479,2482,110.4,shape,False,False,America/Los_Angeles,3,95223,1840017590
10019,Pine Canyon,Pine Canyon,CA,California,6053,Monterey,36.1757,-121.1498,2477,286.7,shape,False,True,America/Los_Angeles,3,93930,1840076064
10071,Highlands,Highlands,CA,California,6081,San Mateo,37.5201,-122.3459,2450,727.5,shape,False,False,America/Los_Angeles,3,94402,1840028379
10086,Portola,Portola,CA,California,6063,Plumas,39.8241,-120.4733,2441,174.3,shape,False,True,America/Los_Angeles,3,96122,1840020177
10111,Hartley,Hartley,CA,California,6095,Solano,38.4203,-121.952,2431,145.0,shape,False,False,America/Los_Angeles,3,95688,1840024675
10117,Cayucos,Cayucos,CA,California,6079,San Luis Obispo,35.4375,-120.8846,2427,302.3,shape,False,False,America/Los_Angeles,3,93442 93430,1840017807
10163,Colfax,Colfax,CA,California,6061,Placer,39.0938,-120.9532,2407,661.0,shape,False,True,America/Los_Angeles,3,95713,1840018818
10174,Georgetown,Georgetown,CA,California,6017,El Dorado,38.9112,-120.8356,2403,61.3,shape,False,False,America/Los_Angeles,3,95634,1840017566
10182,Janesville,Janesville,CA,California,6035,Lassen,40.2993,-120.5024,2399,27.4,shape,False,False,America/Los_Angeles,3,96114,1840025533
10207,Linden,Linden,CA,California,6077,San Joaquin,38.0186,-121.0994,2389,124.5,shape,False,False,America/Los_Angeles,3,95236,1840018893
10246,Twain Harte,Twain Harte,CA,California,6109,Tuolumne,38.0384,-120.234,2372,247.6,shape,False,False,America/Los_Angeles,3,95383 95370,1840018882
10277,Mission Canyon,Mission Canyon,CA,California,6083,Santa Barbara,34.4549,-119.7121,2357,503.1,shape,False,False,America/Los_Angeles,3,93105,1840028348
10295,Belvedere,Belvedere,CA,California,6041,Marin,37.8735,-122.4662,2345,1743.3,shape,False,True,America/Los_Angeles,3,94920,1840018890
10300,Loma Rica,Loma Rica,CA,California,6115,Yuba,39.3204,-121.4038,2343,48.9,shape,False,False,America/Los_Angeles,3,95901,1840017544
10317,Vista Santa Rosa,Vista Santa Rosa,CA,California,6065,Riverside,33.6226,-116.2126,2333,56.0,shape,False,False,America/Los_Angeles,3,92274 92236,1840028414
10362,Rose Hills,Rose Hills,CA,California,6037,Los Angeles,34.0089,-118.0419,2314,2050.0,shape,False,True,America/Los_Angeles,2,90601,1840075983
10372,Biggs,Biggs,CA,California,6007,Butte,39.4102,-121.7134,2307,995.6,shape,False,True,America/Los_Angeles,3,95917,1840018779
10381,La Selva Beach,La Selva Beach,CA,California,6087,Santa Cruz,36.9275,-121.8444,2302,167.8,shape,False,False,America/Los_Angeles,3,95076,1840024794
10404,Camanche Village,Camanche Village,CA,California,6005,Amador,38.2662,-120.9866,2291,162.7,shape,False,False,America/Los_Angeles,3,95640,1840022501
10426,Three Rivers,Three Rivers,CA,California,6107,Tulare,36.4334,-118.8885,2282,28.4,shape,False,False,America/Los_Angeles,3,93271 93237,1840019038
10449,East Oakdale,East Oakdale,CA,California,6099,Stanislaus,37.7855,-120.8009,2269,162.5,shape,False,False,America/Los_Angeles,3,95361,1840018907
10450,Romoland,Romoland,CA,California,6065,Riverside,33.7648,-117.1572,2268,329.1,shape,False,False,America/Los_Angeles,3,92585,1840019289
10451,Hamilton City,Hamilton City,CA,California,6021,Glenn,39.7427,-122.011,2267,2138.3,shape,False,False,America/Los_Angeles,2,95951,1840017542
10456,Knightsen,Knightsen,CA,California,6013,Contra Costa,37.9633,-121.6511,2264,104.6,shape,False,False,America/Los_Angeles,3,94513 94548,1840017614
10468,Rancho Santa Fe,Rancho Santa Fe,CA,California,6073,San Diego,33.024,-117.1992,2260,130.0,shape,False,False,America/Los_Angeles,3,92067,1840019348
10480,Sky Valley,Sky Valley,CA,California,6065,Riverside,33.8913,-116.3551,2255,35.8,shape,False,False,America/Los_Angeles,3,92241,1840025034
10493,Bertsch-Oceanview,Bertsch-Oceanview,CA,California,6015,Del Norte,41.7524,-124.1594,2250,164.7,shape,False,True,America/Los_Angeles,4,95531,1840036786
10528,Columbia,Columbia,CA,California,6109,Tuolumne,38.0333,-120.4096,2235,144.8,shape,False,False,America/Los_Angeles,3,95370 95310,1840017597
10530,Hoopa,Hoopa,CA,California,6023,Humboldt,41.0803,-123.6972,2233,42.2,shape,False,False,America/Los_Angeles,3,95546,1840010406
10535,Callender,Callender,CA,California,6079,San Luis Obispo,35.048,-120.576,2230,376.6,shape,False,False,America/Los_Angeles,3,93420,1840028058
10587,Sonoma State University,Sonoma State University,CA,California,6097,Sonoma,38.3406,-122.6729,2210,2044.4,shape,False,False,America/Los_Angeles,2,94928,1840144976
10593,Kingsbury,Kingsbury,NV,Nevada,32005,Douglas,38.9909,-119.8837,2209,39.1,shape,False,False,America/Los_Angeles,3,89411 89449,1840033778
10619,Clearlake Oaks,Clearlake Oaks,CA,California,6033,Lake,39.0218,-122.6593,2198,429.0,shape,False,False,America/Los_Angeles,3,95423,1840017545
10648,Piru,Piru,CA,California,6111,Ventura,34.4064,-118.8019,2185,265.4,shape,False,False,America/Los_Angeles,3,93040 93015,1840019200
10669,Bell Canyon,Bell Canyon,CA,California,6111,Ventura,34.2082,-118.6876,2177,231.0,shape,False,True,America/Los_Angeles,3,91307,1840042214
10685,Poplar-Cotton Center,Poplar-Cotton Center,CA,California,6107,Tulare,36.0577,-119.1502,2171,352.9,shape,False,True,America/Los_Angeles,3,93257 93258,1840074566
10704,Shingletown,Shingletown,CA,California,6089,Shasta,40.5035,-121.86,2164,34.0,shape,False,False,America/Los_Angeles,3,96088,1840018728
10745,Hidden Hills,Hidden Hills,CA,California,6037,Los Angeles,34.1637,-118.6612,2150,491.7,shape,False,True,America/Los_Angeles,3,91302,1840020488
10795,Aptos Hills-Larkin Valley,Aptos Hills-Larkin Valley,CA,California,6087,Santa Cruz,36.9606,-121.834,2127,88.7,shape,False,True,America/Los_Angeles,4,95076 95003,1840036659
10820,Penngrove,Penngrove,CA,California,6097,Sonoma,38.3006,-122.6707,2119,202.8,shape,False,False,America/Los_Angeles,3,94951,1840024619
10854,Santa Nella,Santa Nella,CA,California,6047,Merced,37.1012,-121.0157,2107,173.7,shape,False,True,America/Los_Angeles,4,95322,1840076205
10874,Soulsbyville,Soulsbyville,CA,California,6109,Tuolumne,37.9917,-120.2617,2101,269.5,shape,False,False,America/Los_Angeles,3,95383 95372,1840018878
10907,Patterson Tract,Patterson Tract,CA,California,6107,Tulare,36.3795,-119.2956,2090,558.2,shape,False,True,America/Los_Angeles,3,93291,1840042286
10911,Carlin,Carlin,NV,Nevada,32007,Elko,40.719,-116.1081,2088,77.2,shape,False,True,America/Los_Angeles,3,89822,1840018706
10933,Camino,Camino,CA,California,6017,El Dorado,38.7422,-120.6808,2079,312.2,shape,False,False,America/Los_Angeles,3,95709,1840022477
10977,Montalvin Manor,Montalvin Manor,CA,California,6013,Contra Costa,37.9977,-122.33,2063,4537.5,shape,False,True,America/Los_Angeles,2,94806,1840028314
10978,Lakeview,Lakeview,CA,California,6065,Riverside,33.8285,-117.1233,2062,244.2,shape,False,False,America/Los_Angeles,3,92567,1840017990
10980,Woodlands,Woodlands,CA,California,6079,San Luis Obispo,35.0289,-120.5524,2061,481.6,shape,False,True,America/Los_Angeles,3,93444,1840038491
11071,San Juan Bautista,San Juan Bautista,CA,California,6069,San Benito,36.845,-121.5371,2033,1000.4,shape,False,True,America/Los_Angeles,3,95045,1840021631
11087,Rainbow,Rainbow,CA,California,6073,San Diego,33.4098,-117.1395,2029,70.9,shape,False,False,America/Los_Angeles,3,92028,1840019345
11114,Lewiston,Lewiston,CA,California,6105,Trinity,40.6969,-122.8225,2020,39.0,shape,False,False,America/Los_Angeles,3,96052,1840017488
11179,Meyers,Meyers,CA,California,6017,El Dorado,38.8344,-120.0189,1995,308.2,shape,False,False,America/Los_Angeles,3,96150,1840140322
11188,Yosemite Valley,Yosemite Valley,CA,California,6043,Mariposa,37.7407,-119.5779,1991,373.5,shape,False,True,America/Los_Angeles,3,95389,1840074769
11262,Richgrove,Richgrove,CA,California,6107,Tulare,35.7966,-119.1069,1960,1674.3,shape,False,False,America/Los_Angeles,3,93261,1840019037
11280,Centerville,Centerville,CA,California,6089,Shasta,40.543,-122.4638,1954,93.8,shape,False,False,America/Los_Angeles,3,96001,1840153156
11285,Murphys,Murphys,CA,California,6009,Calaveras,38.1371,-120.4488,1951,138.9,shape,False,False,America/Los_Angeles,3,95247,1840018865
11297,Diablo Grande,Diablo Grande,CA,California,6099,Stanislaus,37.4009,-121.2629,1948,175.0,shape,False,True,America/Los_Angeles,4,95363,1840028423
11359,Lost Hills,Lost Hills,CA,California,6029,Kern,35.6254,-119.6788,1926,134.0,shape,False,False,America/Los_Angeles,3,93249,1840017814
11395,San Pasqual,San Pasqual,CA,California,6037,Los Angeles,34.1393,-118.1027,1918,2745.2,shape,False,True,America/Los_Angeles,2,91107,1840028271
11405,Forest Ranch,Forest Ranch,CA,California,6007,Butte,39.8952,-121.6704,1915,53.1,shape,False,False,America/Los_Angeles,3,95942,1840025569
11423,Tonopah,Tonopah,NV,Nevada,32023,Nye,38.0822,-117.2246,1910,79.7,shape,False,False,America/Los_Angeles,3,89049,1840018822
11453,Redwood Valley,Redwood Valley,CA,California,6045,Mendocino,39.2689,-123.2023,1898,266.9,shape,False,False,America/Los_Angeles,3,95470,1840026602
11456,Anza,Anza,CA,California,6065,Riverside,33.5678,-116.6966,1898,26.6,shape,False,False,America/Los_Angeles,3,92539,1840022905
11472,Stagecoach,Stagecoach,NV,Nevada,32019,Lyon,39.3656,-119.3832,1892,87.5,shape,False,False,America/Los_Angeles,3,89429,1840026616
11477,Cabazon,Cabazon,CA,California,6065,Riverside,33.9127,-116.7828,1887,148.9,shape,False,False,America/Los_Angeles,3,92230,1840017982
11483,Corralitos,Corralitos,CA,California,6087,Santa Cruz,36.9941,-121.7892,1884,81.7,shape,False,False,America/Los_Angeles,3,95076,1840017647
11541,Bethel Island,Bethel Island,CA,California,6013,Contra Costa,38.0289,-121.6404,1864,137.1,shape,False,False,America/Los_Angeles,3,94511,1840017610
11548,Calwa,Calwa,CA,California,6019,Fresno,36.7137,-119.7607,1862,1270.6,shape,False,False,America/Los_Angeles,3,93725,1840022562
11598,Westmorland,Westmorland,CA,California,6025,Imperial,33.0389,-115.6223,1844,1169.3,shape,False,True,America/Los_Angeles,3,92281,1840022001
11609,Elizabeth Lake,Elizabeth Lake,CA,California,6037,Los Angeles,34.6589,-118.3785,1840,114.5,shape,False,True,America/Los_Angeles,4,93532,1840075741
11615,Byron,Byron,CA,California,6013,Contra Costa,37.8757,-121.6422,1837,108.8,shape,False,False,America/Los_Angeles,3,94513 94514,1840017611
11693,Smith Valley,Smith Valley,NV,Nevada,32019,Lyon,38.8109,-119.3517,1807,6.8,shape,False,True,America/Los_Angeles,4,89444 89430,1840037104
11701,Home Garden,Home Garden,CA,California,6031,Kings,36.3028,-119.637,1806,1577.9,shape,False,False,America/Los_Angeles,3,93230,1840017717
11702,Graton,Graton,CA,California,6097,Sonoma,38.4375,-122.866,1806,441.5,shape,False,False,America/Los_Angeles,3,95472 95444,1840017577
11719,Thermal,Thermal,CA,California,6065,Riverside,33.6262,-116.1309,1800,74.1,shape,False,False,America/Los_Angeles,3,92274,1840025035
11721,London,London,CA,California,6107,Tulare,36.4805,-119.445,1800,851.0,shape,False,False,America/Los_Angeles,3,93618,1840017692
11761,Pine Valley,Pine Valley,CA,California,6073,San Diego,32.8415,-116.5107,1786,96.2,shape,False,False,America/Los_Angeles,3,91962,1840019344
11846,Chester,Chester,CA,California,6063,Plumas,40.3017,-121.2339,1759,93.2,shape,False,False,America/Los_Angeles,3,96020,1840017516
11853,Parkwood,Parkwood,CA,California,6039,Madera,36.9293,-120.0482,1758,978.5,shape,False,False,America/Los_Angeles,3,93637,1840028394
11870,Julian,Julian,CA,California,6073,San Diego,33.0735,-116.5889,1751,85.7,shape,False,False,America/Los_Angeles,3,92036,1840018022
11897,Sandy Valley,Sandy Valley,NV,Nevada,32003,Clark,35.8423,-115.6304,1742,12.0,shape,False,False,America/Los_Angeles,3,89019,1840019026
11917,Allendale,Allendale,CA,California,6095,Solano,38.4427,-121.9815,1734,109.1,shape,False,False,America/Los_Angeles,3,95688,1840022509
11989,Searles Valley,Searles Valley,CA,California,6071,San Bernardino,35.77,-117.3967,1713,63.0,shape,False,False,America/Los_Angeles,3,93562,1840028399
12004,Bakersfield Country Club,Bakersfield Country Club,CA,California,6029,Kern,35.3899,-118.9409,1707,869.5,shape,False,False,America/Los_Angeles,3,93306,1840149288
12051,Bodfish,Bodfish,CA,California,6029,Kern,35.5765,-118.4764,1694,79.6,shape,False,False,America/Los_Angeles,3,93205,1840017810
12085,Caruthers,Caruthers,CA,California,6019,Fresno,36.5399,-119.845,1683,321.3,shape,False,False,America/Los_Angeles,3,93609,1840017632
12089,Ruhenstroth,Ruhenstroth,NV,Nevada,32005,Douglas,38.8913,-119.6833,1682,229.3,shape,False,True,America/Los_Angeles,3,89410,1840039849
12102,Penn Valley,Penn Valley,CA,California,6057,Nevada,39.1954,-121.1942,1678,305.4,shape,False,False,America/Los_Angeles,3,95946,1840028395
12118,Warm Springs,Warm Springs,CA,California,6065,Riverside,33.7067,-117.3343,1673,460.9,shape,False,True,America/Los_Angeles,3,92532,1840076411
12128,Cedar Ridge,Cedar Ridge,CA,California,6109,Tuolumne,38.066,-120.2737,1671,82.6,shape,False,False,America/Los_Angeles,3,95370,1840022518
12152,Elkhorn,Elkhorn,CA,California,6053,Monterey,36.8103,-121.7212,1664,133.8,shape,False,False,America/Los_Angeles,3,93907 95012,1840017683
12173,Terra Bella,Terra Bella,CA,California,6107,Tulare,35.96,-119.0387,1659,292.7,shape,False,False,America/Los_Angeles,3,93270,1840019043
12196,Black Point-Green Point,Black Point-Green Point,CA,California,6041,Marin,38.1121,-122.5194,1655,233.7,shape,False,True,America/Los_Angeles,3,94945,1840036851
12200,Del Rey,Del Rey,CA,California,6019,Fresno,36.6565,-119.5981,1654,478.5,shape,False,False,America/Los_Angeles,3,93616,1840018938
12266,Colma,Colma,CA,California,6081,San Mateo,37.6767,-122.4528,1636,334.1,shape,False,True,America/Los_Angeles,3,94014,1840022547
12269,Le Grand,Le Grand,CA,California,6047,Merced,37.2288,-120.254,1636,554.0,shape,False,False,America/Los_Angeles,3,95333,1840017627
12276,Lake Sherwood,Lake Sherwood,CA,California,6111,Ventura,34.134,-118.8804,1633,201.0,shape,False,True,America/Los_Angeles,3,91361,1840042247
12295,Temelec,Temelec,CA,California,6097,Sonoma,38.2577,-122.4982,1628,395.9,shape,False,False,America/Los_Angeles,3,95476,1840018839
12301,Woodacre,Woodacre,CA,California,6041,Marin,38.0052,-122.6384,1627,349.7,shape,False,False,America/Los_Angeles,3,94973,1840018889
12305,Lagunitas-Forest Knolls,Lagunitas-Forest Knolls,CA,California,6041,Marin,38.018,-122.6912,1626,147.8,shape,False,True,America/Los_Angeles,4,94963 94933 94938,1840074238
12320,Forest Meadows,Forest Meadows,CA,California,6009,Calaveras,38.1717,-120.399,1623,158.5,shape,False,False,America/Los_Angeles,3,95247,1840017592
12327,Topaz Ranch Estates,Topaz Ranch Estates,NV,Nevada,32005,Douglas,38.7357,-119.5008,1621,43.5,shape,False,True,America/Los_Angeles,4,89444,1840039850
12341,Big Pine,Big Pine,CA,California,6027,Inyo,37.1655,-118.2951,1615,211.5,shape,False,False,America/Los_Angeles,3,93513,1840017640
12380,Los Molinos,Los Molinos,CA,California,6103,Tehama,40.027,-122.0981,1604,284.8,shape,False,False,America/Los_Angeles,3,96055,1840017505
12402,Sunnyside-Tahoe City,Sunnyside-Tahoe City,CA,California,6061,Placer,39.1507,-120.1596,1599,177.3,shape,False,True,America/Los_Angeles,4,96145,1840037346
12441,Descanso,Descanso,CA,California,6073,San Diego,32.8696,-116.6279,1590,32.0,shape,False,False,America/Los_Angeles,3,91916,1840022970
12453,Casa Loma,Casa Loma,CA,California,6029,Kern,35.3433,-118.9987,1587,1575.0,shape,False,False,America/Los_Angeles,3,93307,1840148038
12464,Newcastle,Newcastle,CA,California,6061,Placer,38.8677,-121.1318,1585,255.9,shape,False,False,America/Los_Angeles,3,95658,1840024512
12478,Baywood Park,Baywood Park,CA,California,6081,San Mateo,37.5292,-122.3417,1580,1115.6,shape,False,False,America/Los_Angeles,3,94402,1840145969
12513,Middletown,Middletown,CA,California,6033,Lake,38.7518,-122.6221,1572,329.1,shape,False,False,America/Los_Angeles,3,95461,1840018802
12521,Del Rey Oaks,Del Rey Oaks,CA,California,6053,Monterey,36.5913,-121.829,1570,574.9,shape,False,True,America/Los_Angeles,3,93940 93955,1840019024
12588,Ferndale,Ferndale,CA,California,6023,Humboldt,40.5781,-124.2612,1552,496.7,shape,False,True,America/Los_Angeles,3,95536,1840020125
12590,Monument Hills,Monument Hills,CA,California,6113,Yolo,38.6641,-121.8754,1551,150.2,shape,False,True,America/Los_Angeles,4,95695,1840038332
12643,Westhaven-Moonstone,Westhaven-Moonstone,CA,California,6023,Humboldt,41.0447,-124.1023,1537,73.3,shape,False,True,America/Los_Angeles,4,95570,1840074748
12716,Herald,Herald,CA,California,6067,Sacramento,38.2913,-121.2318,1521,74.5,shape,False,False,America/Los_Angeles,3,95632 95638,1840024626
12726,Saticoy,Saticoy,CA,California,6111,Ventura,34.2819,-119.1454,1518,146.7,shape,False,False,America/Los_Angeles,3,93004,1840025001
12763,Rolling Hills,Rolling Hills,CA,California,6037,Los Angeles,33.7601,-118.3471,1509,194.8,shape,False,True,America/Los_Angeles,3,90274,1840020493
12771,Del Rio,Del Rio,CA,California,6099,Stanislaus,37.7432,-121.0084,1508,291.5,shape,False,False,America/Los_Angeles,3,95356,1840028341
12855,McClellan Park,McClellan Park,CA,California,6067,Sacramento,38.6629,-121.4016,1486,141.0,shape,True,True,America/Los_Angeles,4,95652,1840038292
12866,Foresthill,Foresthill,CA,California,6061,Placer,39.0053,-120.8314,1483,51.2,shape,False,False,America/Los_Angeles,3,95631,1840017558
12874,Lovelock,Lovelock,NV,Nevada,32027,Pershing,40.1787,-118.4775,1481,664.1,shape,False,True,America/Los_Angeles,3,89419,1840020154
12885,Montague,Montague,CA,California,6093,Siskiyou,41.7275,-122.5302,1479,321.2,shape,False,True,America/Los_Angeles,3,96064,1840020105
12886,Parklawn,Parklawn,CA,California,6099,Stanislaus,37.6071,-120.9803,1478,1704.3,shape,False,True,America/Los_Angeles,3,95358,1840042934
12887,Dollar Point,Dollar Point,CA,California,6061,Placer,39.1899,-120.1083,1477,348.8,shape,False,False,America/Los_Angeles,3,96145,1840018814
12890,Toro Canyon,Toro Canyon,CA,California,6083,Santa Barbara,34.4354,-119.5562,1477,60.7,shape,False,False,America/Los_Angeles,3,93108 93013,1840028353
12925,Los Ranchos,Los Ranchos,CA,California,6079,San Luis Obispo,35.2104,-120.6295,1467,196.1,shape,False,True,America/Los_Angeles,4,93401,1840075936
12938,Leona Valley,Leona Valley,CA,California,6037,Los Angeles,34.6147,-118.299,1465,30.4,shape,False,False,America/Los_Angeles,3,93551,1840025004
12952,Rouse,Rouse,CA,California,6099,Stanislaus,37.6196,-121.0084,1462,4636.1,shape,False,True,America/Los_Angeles,2,95351,1840042936
12957,Woodville,Woodville,CA,California,6107,Tulare,36.0927,-119.2012,1460,564.9,shape,False,False,America/Los_Angeles,3,93257 93274,1840019041
12989,Ahwahnee,Ahwahnee,CA,California,6039,Madera,37.3654,-119.7166,1453,48.6,shape,False,False,America/Los_Angeles,3,93644 93601,1840025722
12990,Laton,Laton,CA,California,6019,Fresno,36.4314,-119.6976,1453,222.0,shape,False,False,America/Los_Angeles,3,93242,1840017637
13028,Amargosa Valley,Amargosa Valley,NV,Nevada,32023,Nye,36.5424,-116.4877,1445,5.7,shape,False,False,America/Los_Angeles,4,89020,1840033803
13048,Lone Pine,Lone Pine,CA,California,6027,Inyo,36.5774,-118.0777,1439,29.2,shape,False,False,America/Los_Angeles,3,93545,1840017642
13106,Fairfax,Fairfax,CA,California,6029,Kern,35.3469,-118.9339,1423,576.9,shape,False,False,America/Los_Angeles,3,93307,1840153161
13138,Garberville,Garberville,CA,California,6023,Humboldt,40.1003,-123.7948,1415,203.9,shape,False,False,America/Los_Angeles,3,95542,1840009251
13140,Jackpot,Jackpot,NV,Nevada,32007,Elko,41.9797,-114.6645,1415,140.3,shape,False,False,America/Los_Angeles,3,89825,1840024115
13165,Grizzly Flats,Grizzly Flats,CA,California,6017,El Dorado,38.6358,-120.5354,1410,82.1,shape,False,True,America/Los_Angeles,4,95636,1840042931
13177,Dunsmuir,Dunsmuir,CA,California,6093,Siskiyou,41.2317,-122.2715,1407,338.6,shape,False,True,America/Los_Angeles,3,96025,1840018697
13214,Fallon Station,Fallon Station,NV,Nevada,32001,Churchill,39.415,-118.7165,1399,190.0,shape,True,True,America/Los_Angeles,4,89406,1840073918
13216,Littlerock,Littlerock,CA,California,6037,Los Angeles,34.5232,-117.9808,1398,292.9,shape,False,False,America/Los_Angeles,3,93543,1840019204
13265,Shasta,Shasta,CA,California,6089,Shasta,40.5911,-122.4797,1387,49.0,shape,False,False,America/Los_Angeles,3,96087 96001,1840024204
13298,Eldridge,Eldridge,CA,California,6097,Sonoma,38.3338,-122.5065,1379,816.6,shape,False,False,America/Los_Angeles,3,95476 95442,1840017574
13305,Brookdale,Brookdale,CA,California,6087,Santa Cruz,37.1057,-122.1106,1378,138.3,shape,False,False,America/Los_Angeles,3,95007 95005,1840022569
13311,Irwindale,Irwindale,CA,California,6037,Los Angeles,34.1121,-117.9636,1377,60.3,shape,False,True,America/Los_Angeles,3,91010 91706,1840019238
13326,Upper Lake,Upper Lake,CA,California,6033,Lake,39.1655,-122.9052,1374,309.5,shape,False,False,America/Los_Angeles,3,95485,1840018805
13354,Fort Dick,Fort Dick,CA,California,6015,Del Norte,41.8663,-124.1526,1365,163.8,shape,False,False,America/Los_Angeles,3,95531 95538,1840027997
13360,Green Valley,Green Valley,CA,California,6095,Solano,38.2607,-122.1622,1364,62.9,shape,False,False,America/Los_Angeles,3,94534,1840135862
13407,Wells,Wells,NV,Nevada,32007,Elko,41.1132,-114.9535,1352,75.6,shape,False,True,America/Los_Angeles,3,89835,1840021335
13418,Boronda,Boronda,CA,California,6053,Monterey,36.6947,-121.6745,1351,909.0,shape,False,False,America/Los_Angeles,3,93907,1840028335
13428,Summerland,Summerland,CA,California,6083,Santa Barbara,34.4244,-119.5938,1348,372.6,shape,False,False,America/Los_Angeles,3,93067 93108,1840019188
13441,Inverness,Inverness,CA,California,6041,Marin,38.0821,-122.8471,1346,81.2,shape,False,False,America/Los_Angeles,3,94956 94937,1840017602
13445,Beale AFB,Beale AFB,CA,California,6115,Yuba,39.1095,-121.3543,1344,51.4,shape,True,True,America/Los_Angeles,4,95903,1840073898
13449,Taft Mosswood,Taft Mosswood,CA,California,6077,San Joaquin,37.9139,-121.2831,1343,1114.0,shape,False,True,America/Los_Angeles,3,95206,1840074823
13460,Osino,Osino,NV,Nevada,32007,Elko,40.9409,-115.6607,1341,200.9,shape,False,False,America/Los_Angeles,3,89801,1840024119
13489,Bolinas,Bolinas,CA,California,6041,Marin,37.9177,-122.7095,1334,88.4,shape,False,False,America/Los_Angeles,3,94924,1840017601
13535,Trabuco Canyon,Trabuco Canyon,CA,California,6059,Orange,33.6782,-117.5939,1326,70.3,shape,False,False,America/Los_Angeles,3,92679 92678 92676,1840028288
13570,Quincy,Quincy,CA,California,6063,Plumas,39.931,-120.9548,1317,120.4,shape,False,False,America/Los_Angeles,3,95971,1840018768
13605,Lake Don Pedro,Lake Don Pedro,CA,California,6043,Mariposa,37.659,-120.3329,1308,27.4,shape,False,True,America/Los_Angeles,4,95311 95329,1840042847
13630,Avila Beach,Avila Beach,CA,California,6079,San Luis Obispo,35.1969,-120.7191,1303,82.7,shape,False,True,America/Los_Angeles,4,93405 93424,1840028073
13634,Clay,Clay,CA,California,6067,Sacramento,38.314,-121.1596,1302,74.4,shape,False,False,America/Los_Angeles,3,95638,1840022491
13657,Ladera,Ladera,CA,California,6081,San Mateo,37.3999,-122.1989,1297,1165.2,shape,False,False,America/Los_Angeles,3,94028,1840028324
13677,Taft Heights,Taft Heights,CA,California,6029,Kern,35.1337,-119.4711,1291,3522.4,shape,False,False,America/Los_Angeles,2,93268,1840019150
13696,Sea Ranch,Sea Ranch,CA,California,6097,Sonoma,38.7165,-123.4527,1287,30.8,shape,False,False,America/Los_Angeles,3,95497,1840024621
13697,Covelo,Covelo,CA,California,6045,Mendocino,39.8025,-123.2499,1286,70.0,shape,False,False,America/Los_Angeles,3,95428,1840017533
13704,Genoa,Genoa,NV,Nevada,32005,Douglas,39.0256,-119.8309,1284,54.0,shape,False,False,America/Los_Angeles,3,89411,1840024555
13714,East Valley,East Valley,NV,Nevada,32005,Douglas,38.9452,-119.6993,1283,50.4,shape,False,True,America/Los_Angeles,4,89410 89423,1840039807
13768,March ARB,March ARB,CA,California,6065,Riverside,33.8888,-117.2776,1273,41.1,shape,True,True,America/Los_Angeles,4,92518 92571,1840073926
13783,La Honda,La Honda,CA,California,6081,San Mateo,37.3182,-122.2651,1269,115.1,shape,False,False,America/Los_Angeles,3,94062 94020,1840026827
13807,Hydesville,Hydesville,CA,California,6023,Humboldt,40.5579,-124.0822,1263,65.0,shape,False,False,America/Los_Angeles,3,95547 95540,1840017486
13808,Lake Riverside,Lake Riverside,CA,California,6065,Riverside,33.5173,-116.8107,1262,66.8,shape,False,True,America/Los_Angeles,4,92536,1840075921
13889,Maxwell,Maxwell,CA,California,6011,Colusa,39.2771,-122.1946,1245,223.5,shape,False,False,America/Los_Angeles,3,95955,1840024470
13940,Santa Susana,Santa Susana,CA,California,6111,Ventura,34.2586,-118.6642,1235,379.0,shape,False,False,America/Los_Angeles,3,93063,1840025000
13958,Diablo,Diablo,CA,California,6013,Contra Costa,37.8408,-121.9565,1232,348.8,shape,False,False,America/Los_Angeles,3,94506 94528,1840018896
13973,Fairmead,Fairmead,CA,California,6039,Madera,37.0775,-120.1937,1229,61.9,shape,False,False,America/Los_Angeles,3,93610,1840024767
13975,Somis,Somis,CA,California,6111,Ventura,34.2652,-118.9984,1229,141.5,shape,False,False,America/Los_Angeles,3,93066,1840028277
13993,Occidental,Occidental,CA,California,6097,Sonoma,38.4004,-122.9349,1225,95.2,shape,False,False,America/Los_Angeles,3,95419 95472 95465,1840018837
14029,Hasley Canyon,Hasley Canyon,CA,California,6037,Los Angeles,34.4817,-118.6665,1216,81.8,shape,False,True,America/Los_Angeles,4,91384,1840075914
14155,Junction City,Junction City,CA,California,6105,Trinity,40.7341,-123.0618,1190,17.3,shape,False,False,America/Los_Angeles,3,96048,1840024175
14186,Sheridan,Sheridan,CA,California,6061,Placer,38.9695,-121.3552,1183,17.9,shape,False,False,America/Los_Angeles,3,95681 95648,1840024513
14189,Seeley,Seeley,CA,California,6025,Imperial,32.7893,-115.6843,1182,324.5,shape,False,False,America/Los_Angeles,3,92273 92243,1840019376
14195,Teviston,Teviston,CA,California,6107,Tulare,35.9289,-119.2783,1182,208.9,shape,False,True,America/Los_Angeles,3,93256 93219,1840042314
14197,Grayson,Grayson,CA,California,6099,Stanislaus,37.5646,-121.1801,1182,1206.7,shape,False,False,America/Los_Angeles,3,95363,1840017616
14199,Whitewater,Whitewater,CA,California,6065,Riverside,33.9356,-116.6873,1181,46.2,shape,False,True,America/Los_Angeles,4,92282,1840028309
14208,Indian Springs,Indian Springs,NV,Nevada,32003,Clark,36.5719,-115.7204,1180,25.3,shape,False,False,America/Los_Angeles,3,89018 89124,1840017688
14269,Shandon,Shandon,CA,California,6079,San Luis Obispo,35.6536,-120.3831,1169,153.0,shape,False,False,America/Los_Angeles,3,93461,1840019121
14301,Buttonwillow,Buttonwillow,CA,California,6029,Kern,35.4092,-119.4406,1163,64.8,shape,False,False,America/Los_Angeles,3,93206,1840017812
14303,Los Alamos,Los Alamos,CA,California,6083,Santa Barbara,34.7419,-120.2746,1163,496.8,shape,False,False,America/Los_Angeles,3,93440,1840017886
14321,Millerton,Millerton,CA,California,6019,Fresno,36.9769,-119.6658,1159,228.3,shape,False,False,America/Los_Angeles,3,93626,1840146804
14348,Pioneer,Pioneer,CA,California,6005,Amador,38.4337,-120.586,1155,113.2,shape,False,False,America/Los_Angeles,3,95666,1840024638
14366,Santa Margarita,Santa Margarita,CA,California,6079,San Luis Obispo,35.3895,-120.6081,1149,857.4,shape,False,False,America/Los_Angeles,3,93453,1840024942
14370,Tuolumne City,Tuolumne City,CA,California,6109,Tuolumne,37.9615,-120.2428,1148,188.2,shape,False,False,America/Los_Angeles,3,95379,1840018881
14382,Caliente,Caliente,NV,Nevada,32017,Lincoln,37.6458,-114.4929,1146,8.3,shape,False,True,America/Los_Angeles,3,89008,1840018856
14389,Redway,Redway,CA,California,6023,Humboldt,40.1208,-123.822,1145,353.5,shape,False,False,America/Los_Angeles,3,95560,1840018717
14420,Big River,Big River,CA,California,6071,San Bernardino,34.1393,-114.3604,1140,40.6,shape,False,False,America/Los_Angeles,3,92242,1840017798
14424,Golden Valley,Golden Valley,NV,Nevada,32031,Washoe,39.6178,-119.8231,1139,121.7,shape,False,False,America/Los_Angeles,3,89506,1840033784
14425,Bodega Bay,Bodega Bay,CA,California,6097,Sonoma,38.325,-123.0309,1139,52.5,shape,False,False,America/Los_Angeles,3,94923,1840017571
14435,Riverdale Park,Riverdale Park,CA,California,6099,Stanislaus,37.6028,-121.0425,1137,301.9,shape,False,False,America/Los_Angeles,3,95358,1840028351
14437,Mariposa,Mariposa,CA,California,6043,Mariposa,37.4912,-119.9722,1137,108.7,shape,False,False,America/Los_Angeles,3,95338,1840017622
14447,West Park,West Park,CA,California,6019,Fresno,36.7055,-119.8516,1136,244.8,shape,False,False,America/Los_Angeles,3,93706 93773,1840026842
14460,Grass Valley,Grass Valley,NV,Nevada,32027,Pershing,40.7971,-117.7603,1134,12.7,shape,False,True,America/Los_Angeles,4,89445,1840039828
14490,Talmage,Talmage,CA,California,6045,Mendocino,39.1314,-123.1648,1128,273.9,shape,False,False,America/Los_Angeles,3,95482 95481,1840018783
14524,Jones Valley,Jones Valley,CA,California,6089,Shasta,40.6999,-122.2405,1122,67.3,shape,False,False,America/Los_Angeles,3,96003,1840153146
14538,Fort Hunter Liggett,Fort Hunter Liggett,CA,California,6053,Monterey,36.0019,-121.2381,1119,155.4,shape,True,False,America/Los_Angeles,4,93928,1840153159
14548,Indio Hills,Indio Hills,CA,California,6065,Riverside,33.8411,-116.2484,1117,19.7,shape,False,False,America/Los_Angeles,3,92241,1840025030
14549,Niland,Niland,CA,California,6025,Imperial,33.2387,-115.5146,1116,1072.8,shape,False,False,America/Los_Angeles,3,92257,1840019371
14560,Penryn,Penryn,CA,California,6061,Placer,38.8482,-121.1698,1114,226.0,shape,False,False,America/Los_Angeles,3,95663 95650,1840026667
14590,Squirrel Mountain Valley,Squirrel Mountain Valley,CA,California,6029,Kern,35.6175,-118.4047,1108,237.6,shape,False,False,America/Los_Angeles,3,93240,1840019131
14623,South Dos Palos,South Dos Palos,CA,California,6047,Merced,36.9707,-120.6467,1102,276.6,shape,False,False,America/Los_Angeles,3,93665 93620,1840018931
14645,Knights Landing,Knights Landing,CA,California,6113,Yolo,38.798,-121.7175,1099,785.3,shape,False,False,America/Los_Angeles,3,95645 95695,1840024601
14659,Red Corral,Red Corral,CA,California,6005,Amador,38.4121,-120.6072,1096,67.1,shape,False,True,America/Los_Angeles,4,95666 95665,1840076141
14696,Cedar Flat,Cedar Flat,CA,California,6061,Placer,39.2101,-120.0965,1089,389.4,shape,False,False,America/Los_Angeles,3,96140 96145,1840149009
14711,Butte Valley,Butte Valley,CA,California,6007,Butte,39.6571,-121.6363,1087,22.9,shape,False,True,America/Los_Angeles,4,95965,1840042817
14755,Glen Ellen,Glen Ellen,CA,California,6097,Sonoma,38.3564,-122.5412,1078,198.2,shape,False,False,America/Los_Angeles,3,95442,1840017576
14773,Willow Creek,Willow Creek,CA,California,6023,Humboldt,40.9385,-123.6412,1076,13.7,shape,False,False,America/Los_Angeles,3,95573,1840018718
14800,Biola,Biola,CA,California,6019,Fresno,36.7999,-120.021,1070,638.5,shape,False,False,America/Los_Angeles,3,93606 93630,1840017629
14806,Crowley Lake,Crowley Lake,CA,California,6051,Mono,37.5689,-118.7463,1069,143.0,shape,False,True,America/Los_Angeles,4,93546,1840075708
14852,Westwood,Westwood,CA,California,6035,Lassen,40.3049,-121.0036,1063,73.9,shape,False,False,America/Los_Angeles,3,96137,1840018727
14858,Orange Blossom,Orange Blossom,CA,California,6099,Stanislaus,37.8097,-120.7115,1062,107.4,shape,False,False,America/Los_Angeles,3,95361,1840149011
14871,Douglas City,Douglas City,CA,California,6105,Trinity,40.6529,-122.9283,1060,13.5,shape,False,False,America/Los_Angeles,3,96024,1840024173
14896,Plymouth,Plymouth,CA,California,6005,Amador,38.4776,-120.8584,1056,153.9,shape,False,True,America/Los_Angeles,3,95669,1840020249
14939,McGill,McGill,NV,Nevada,32033,White Pine,39.4019,-114.7775,1050,335.1,shape,False,False,America/Los_Angeles,3,89318,1840017531
14940,Mogul,Mogul,NV,Nevada,32031,Washoe,39.5164,-119.923,1050,278.9,shape,False,False,America/Los_Angeles,3,89523,1840024130
14955,Tahoe Vista,Tahoe Vista,CA,California,6061,Placer,39.2478,-120.0533,1048,149.0,shape,False,False,America/Los_Angeles,3,96148 96143,1840018817
14989,Delft Colony,Delft Colony,CA,California,6107,Tulare,36.5137,-119.4465,1043,810.0,shape,False,False,America/Los_Angeles,3,93618,1840024868
15015,Johnstonville,Johnstonville,CA,California,6035,Lassen,40.3791,-120.584,1039,46.7,shape,False,False,America/Los_Angeles,3,96130,1840024202
15024,Los Olivos,Los Olivos,CA,California,6083,Santa Barbara,34.664,-120.117,1038,153.1,shape,False,False,America/Los_Angeles,3,93441,1840024983
15070,Pioche,Pioche,NV,Nevada,32017,Lincoln,37.9519,-114.4434,1031,64.7,shape,False,False,America/Los_Angeles,3,89043,1840024652
15083,Kenwood,Kenwood,CA,California,6097,Sonoma,38.4153,-122.5387,1028,76.8,shape,False,False,America/Los_Angeles,3,95442 95452,1840024618
15092,Castle Hill,Castle Hill,CA,California,6013,Contra Costa,37.8747,-122.0585,1026,677.7,shape,False,True,America/Los_Angeles,3,94595,1840075652
15107,Alto,Alto,CA,California,6041,Marin,37.9056,-122.5186,1024,2275.6,shape,False,False,America/Los_Angeles,2,94941,1840027992
15154,Mesa Verde,Mesa Verde,CA,California,6065,Riverside,33.5957,-114.7317,1016,91.2,shape,False,False,America/Los_Angeles,3,92225,1840028260
15158,Panaca,Panaca,NV,Nevada,32017,Lincoln,37.7881,-114.4005,1015,127.3,shape,False,False,America/Los_Angeles,3,89042,1840024651
15161,Norris Canyon,Norris Canyon,CA,California,6013,Contra Costa,37.7457,-121.9881,1014,108.4,shape,False,True,America/Los_Angeles,4,94583,1840038347
15171,Verdi,Verdi,NV,Nevada,32031,Washoe,39.5142,-119.9772,1012,117.9,shape,False,False,America/Los_Angeles,3,89439 89523,1840024131
15212,Acalanes Ridge,Acalanes Ridge,CA,California,6013,Contra Costa,37.9046,-122.0786,1006,842.9,shape,False,True,America/Los_Angeles,3,94597,1840075577
15228,Kettleman City,Kettleman City,CA,California,6031,Kings,36.0089,-119.9629,1002,1707.8,shape,False,False,America/Los_Angeles,3,93239,1840017718
15337,Fruitdale,Fruitdale,CA,California,6085,Santa Clara,37.3116,-121.9357,986,1927.3,shape,False,False,America/Los_Angeles,3,95128,1840028413
15342,Manila,Manila,CA,California,6023,Humboldt,40.8515,-124.163,985,545.7,shape,False,False,America/Los_Angeles,3,95521,1840026323
15348,Maricopa,Maricopa,CA,California,6029,Kern,35.0516,-119.4058,984,242.7,shape,False,True,America/Los_Angeles,3,93252,1840020418
15351,Blacklake,Blacklake,CA,California,6079,San Luis Obispo,35.0497,-120.5387,983,363.0,shape,False,True,America/Los_Angeles,3,93444,1840075635
15353,Hopland,Hopland,CA,California,6045,Mendocino,38.9691,-123.1173,983,107.7,shape,False,False,America/Los_Angeles,3,95449,1840026596
15360,Blue Lake,Blue Lake,CA,California,6023,Humboldt,40.8814,-123.993,982,613.0,shape,False,True,America/Los_Angeles,3,95525,1840010232
15387,Alhambra Valley,Alhambra Valley,CA,California,6013,Contra Costa,37.9668,-122.1361,979,234.1,shape,False,True,America/Los_Angeles,3,94553,1840075603
15395,Rancho Tehama Reserve,Rancho Tehama Reserve,CA,California,6103,Tehama,40.001,-122.442,978,32.3,shape,False,False,America/Los_Angeles,3,96021,1840018761
15429,Stratford,Stratford,CA,California,6031,Kings,36.1885,-119.8222,973,538.9,shape,False,False,America/Los_Angeles,3,93266,1840019055
15436,Silverado,Silverado,CA,California,6059,Orange,33.7482,-117.6285,972,65.6,shape,False,False,America/Los_Angeles,4,92676,1840028138
15463,Mokelumne Hill,Mokelumne Hill,CA,California,6009,Calaveras,38.3057,-120.7061,968,121.4,shape,False,False,America/Los_Angeles,3,95245,1840018863
15467,Stebbins,Stebbins,CA,California,6029,Kern,35.4056,-119.3142,967,373.6,shape,False,False,America/Los_Angeles,3,93314,1840145233
15518,Aguanga,Aguanga,CA,California,6065,Riverside,33.4522,-116.8555,961,27.3,shape,False,False,America/Los_Angeles,3,92536,1840022904
15535,Greeley Hill,Greeley Hill,CA,California,6043,Mariposa,37.7505,-120.1228,958,15.5,shape,False,False,America/Los_Angeles,3,95311,1840024754
15545,Yermo,Yermo,CA,California,6071,San Bernardino,34.9073,-116.8235,958,570.0,shape,False,False,America/Los_Angeles,3,92398,1840028053
15547,Moapa Town,Moapa Town,NV,Nevada,32003,Clark,36.6925,-114.6356,958,20.7,shape,False,False,America/Los_Angeles,3,89025 89037,1840033825
15641,Johnson Park,Johnson Park,CA,California,6089,Shasta,40.9212,-121.6295,943,403.4,shape,False,False,America/Los_Angeles,3,96013,1840139962
15673,Catheys Valley,Catheys Valley,CA,California,6043,Mariposa,37.4308,-120.0995,939,15.4,shape,False,False,America/Los_Angeles,3,95306,1840022543
15676,Millville,Millville,CA,California,6089,Shasta,40.5576,-122.1697,939,45.1,shape,False,False,America/Los_Angeles,3,96062 96073,1840018729
15677,Mount Hermon,Mount Hermon,CA,California,6087,Santa Cruz,37.051,-122.0533,939,558.0,shape,False,False,America/Los_Angeles,3,95041 95018 95066,1840024796
15725,Klamath,Klamath,CA,California,6015,Del Norte,41.5442,-124.0245,931,20.9,shape,False,False,America/Los_Angeles,3,95548,1840017480
15757,Walnut Grove,Walnut Grove,CA,California,6067,Sacramento,38.2478,-121.528,926,35.0,shape,False,False,America/Los_Angeles,3,95690 95641 95680,1840018847
15766,Tulelake,Tulelake,CA,California,6093,Siskiyou,41.9533,-121.4751,925,872.0,shape,False,True,America/Los_Angeles,3,96134,1840021318
15836,Pala,Pala,CA,California,6073,San Diego,33.3639,-117.0675,914,63.3,shape,False,False,America/Los_Angeles,3,92059,1840028262
15862,Inyokern,Inyokern,CA,California,6029,Kern,35.6546,-117.8213,912,32.2,shape,False,False,America/Los_Angeles,3,93527,1840017820
15872,Valley Springs,Valley Springs,CA,California,6009,Calaveras,38.1694,-120.826,910,418.4,shape,False,False,America/Los_Angeles,3,95252,1840018870
15877,West Point,West Point,CA,California,6009,Calaveras,38.406,-120.5365,909,90.2,shape,False,False,America/Los_Angeles,3,95255,1840018872
15920,Airport,Airport,CA,California,6099,Stanislaus,37.6337,-120.972,903,2469.6,shape,False,True,America/Los_Angeles,2,95354,1840075978
15926,North Edwards,North Edwards,CA,California,6029,Kern,35.0474,-117.8093,903,27.4,shape,False,False,America/Los_Angeles,3,93523,1840019136
15943,Tres Pinos,Tres Pinos,CA,California,6069,San Benito,36.7904,-121.3105,901,96.6,shape,False,False,America/Los_Angeles,3,95023 95075,1840024855
15971,Smith River,Smith River,CA,California,6015,Del Norte,41.9233,-124.149,898,78.3,shape,False,False,America/Los_Angeles,3,95567,1840025511
15994,Waterloo,Waterloo,CA,California,6077,San Joaquin,38.0365,-121.1846,894,63.5,shape,False,False,America/Los_Angeles,3,95215,1840026771
16004,Silverado Resort,Silverado Resort,CA,California,6055,Napa,38.3536,-122.2556,892,182.2,shape,False,True,America/Los_Angeles,4,94558,1840076237
16021,Amador Pines,Amador Pines,CA,California,6005,Amador,38.4896,-120.5333,890,70.9,shape,False,False,America/Los_Angeles,3,95666 95689,1840151414
16030,Lake Hughes,Lake Hughes,CA,California,6037,Los Angeles,34.6832,-118.4588,888,32.3,shape,False,False,America/Los_Angeles,3,93532,1840025003
16042,Challenge-Brownsville,Challenge-Brownsville,CA,California,6115,Yuba,39.4646,-121.2633,887,35.3,shape,False,True,America/Los_Angeles,4,95919 95925,1840073907
16049,Mi-Wuk Village,Mi-Wuk Village,CA,California,6109,Tuolumne,38.057,-120.1793,886,120.6,shape,False,False,America/Los_Angeles,3,95383 95346,1840018879
16050,Gerber,Gerber,CA,California,6103,Tehama,40.0614,-122.1482,885,368.5,shape,False,False,America/Los_Angeles,3,96035,1840026519
16109,Monte Rio,Monte Rio,CA,California,6097,Sonoma,38.4684,-123.0148,876,177.5,shape,False,False,America/Los_Angeles,3,95486 95462,1840018836
16122,Dobbins,Dobbins,CA,California,6115,Yuba,39.3657,-121.2128,875,43.6,shape,False,False,America/Los_Angeles,3,95935,1840022450
16136,Tahoma,Tahoma,CA,California,6061,Placer,39.064,-120.1434,873,130.0,shape,False,False,America/Los_Angeles,3,96141 96142,1840026694
16167,Dorris,Dorris,CA,California,6093,Siskiyou,41.9644,-121.9205,869,477.6,shape,False,True,America/Los_Angeles,3,96023,1840018696
16195,Proberta,Proberta,CA,California,6103,Tehama,40.0761,-122.1776,865,233.3,shape,False,False,America/Los_Angeles,3,96078 96080 96035,1840026516
16211,Ballard,Ballard,CA,California,6083,Santa Barbara,34.6395,-120.1091,863,119.2,shape,False,False,America/Los_Angeles,3,93460 93463,1840022803
16238,Alpaugh,Alpaugh,CA,California,6107,Tulare,35.889,-119.4858,859,793.3,shape,False,False,America/Los_Angeles,3,93201,1840017690
16251,Kernville,Kernville,CA,California,6029,Kern,35.7533,-118.4321,857,26.2,shape,False,False,America/Los_Angeles,3,93238,1840017822
16258,Minkler,Minkler,CA,California,6019,Fresno,36.7276,-119.4589,857,56.5,shape,False,False,America/Los_Angeles,3,93657,1840024779
16326,Sunol,Sunol,CA,California,6001,Alameda,37.59,-121.8847,847,11.6,shape,False,False,America/Los_Angeles,3,94586,1840018915
16344,Hickman,Hickman,CA,California,6099,Stanislaus,37.6193,-120.7513,844,679.5,shape,False,False,America/Los_Angeles,3,95323,1840017617
16362,Cobb,Cobb,CA,California,6033,Lake,38.8356,-122.723,842,65.3,shape,False,False,America/Los_Angeles,3,95426,1840017546
16466,McCloud,McCloud,CA,California,6093,Siskiyou,41.2541,-122.1361,829,132.1,shape,False,False,America/Los_Angeles,3,96057,1840017469
16490,Camanche North Shore,Camanche North Shore,CA,California,6005,Amador,38.2442,-120.9538,824,136.4,shape,False,True,America/Los_Angeles,4,95640,1840075644
16501,Round Hill Village,Round Hill Village,NV,Nevada,32005,Douglas,38.9937,-119.9233,823,54.8,shape,False,True,America/Los_Angeles,4,89448,1840039848
16514,Linnell Camp,Linnell Camp,CA,California,6107,Tulare,36.3089,-119.2225,821,892.2,shape,False,True,America/Los_Angeles,3,93292,1840042261
16520,Schurz,Schurz,NV,Nevada,32021,Mineral,38.9673,-118.824,821,28.2,shape,False,False,America/Los_Angeles,3,89427,1840018828
16553,Thornton,Thornton,CA,California,6077,San Joaquin,38.2309,-121.4249,817,147.9,shape,False,False,America/Los_Angeles,3,95632 95686,1840026770
16584,Chualar,Chualar,CA,California,6053,Monterey,36.5711,-121.5103,812,500.7,shape,False,False,America/Los_Angeles,3,93925,1840017679
16628,Lakeside,Lakeside,CA,California,6029,Kern,35.2347,-119.0829,807,172.6,shape,False,False,America/Los_Angeles,3,93311 93313,1840153148
16635,North Gate,North Gate,CA,California,6013,Contra Costa,37.9055,-121.9978,806,423.2,shape,False,True,America/Los_Angeles,3,94598,1840075981
16642,Madison,Madison,CA,California,6113,Yolo,38.675,-121.9702,805,201.0,shape,False,False,America/Los_Angeles,3,95627 95653,1840024602
16681,Soda Bay,Soda Bay,CA,California,6033,Lake,39.0024,-122.7794,802,241.0,shape,False,False,America/Los_Angeles,3,95451,1840024461
16689,Desert Shores,Desert Shores,CA,California,6025,Imperial,33.4041,-116.0394,801,443.2,shape,False,False,America/Los_Angeles,3,92274,1840019370
16692,Yolo,Yolo,CA,California,6113,Yolo,38.7405,-121.8093,800,224.9,shape,False,False,America/Los_Angeles,3,95697 95695,1840024603
16711,Wilseyville,Wilseyville,CA,California,6009,Calaveras,38.3791,-120.5146,798,39.8,point,False,False,America/Los_Angeles,4,95255 95257 95248,1840028204
16720,Lebec,Lebec,CA,California,6029,Kern,34.845,-118.8992,797,20.1,shape,False,False,America/Los_Angeles,3,93243,1840017826
16722,El Macero,El Macero,CA,California,6113,Yolo,38.544,-121.6852,796,523.4,shape,False,False,America/Los_Angeles,3,95618,1840129670
16723,Lake of the Woods,Lake of the Woods,CA,California,6029,Kern,34.8225,-119.0025,796,86.8,shape,False,False,America/Los_Angeles,3,93225,1840017824
16782,La Vina,La Vina,CA,California,6039,Madera,36.8798,-120.1149,789,364.7,shape,False,False,America/Los_Angeles,3,93637,1840026813
16783,Point Arena,Point Arena,CA,California,6045,Mendocino,38.9123,-123.6955,789,223.0,shape,False,True,America/Los_Angeles,3,95468,1840020190
16793,Lompico,Lompico,CA,California,6087,Santa Cruz,37.11,-122.0523,788,90.1,shape,False,False,America/Los_Angeles,3,95018,1840024795
16794,Bradbury,Bradbury,CA,California,6037,Los Angeles,34.1536,-117.9684,788,155.0,shape,False,True,America/Los_Angeles,3,91008,1840019232
16840,Sultana,Sultana,CA,California,6107,Tulare,36.5455,-119.3379,783,1064.2,shape,False,False,America/Los_Angeles,3,93666 93618,1840024881
16868,Malaga,Malaga,CA,California,6019,Fresno,36.6816,-119.7318,780,431.4,shape,False,False,America/Los_Angeles,3,93725,1840017634
16876,Doyle,Doyle,CA,California,6035,Lassen,40.0275,-120.1173,779,49.2,shape,False,False,America/Los_Angeles,3,96109,1840024200
16950,Anchor Bay,Anchor Bay,CA,California,6045,Mendocino,38.8126,-123.5704,771,84.7,shape,False,False,America/Los_Angeles,3,95445,1840025580
17002,Petaluma Center,Petaluma Center,CA,California,6097,Sonoma,38.2506,-122.7888,763,251.1,shape,True,False,America/Los_Angeles,3,94952,1840153154
17023,Berry Creek,Berry Creek,CA,California,6007,Butte,39.6314,-121.4052,760,5.1,shape,False,False,America/Los_Angeles,3,95916,1840025563
17092,Boulevard,Boulevard,CA,California,6073,San Diego,32.664,-116.2896,752,74.3,shape,False,False,America/Los_Angeles,3,91905,1840022968
17134,Loyalton,Loyalton,CA,California,6091,Sierra,39.6768,-120.2448,748,532.8,shape,False,True,America/Los_Angeles,3,96118,1840020210
17156,Shell Ridge,Shell Ridge,CA,California,6013,Contra Costa,37.906,-122.0345,746,669.3,shape,False,True,America/Los_Angeles,3,94598,1840076228
17199,Mountain Gate,Mountain Gate,CA,California,6089,Shasta,40.7185,-122.3262,742,145.0,shape,False,False,America/Los_Angeles,3,96003,1840026368
17225,Jacumba,Jacumba,CA,California,6073,San Diego,32.6278,-116.1826,740,46.7,shape,False,False,America/Los_Angeles,3,91934,1840025044
17254,Fieldbrook,Fieldbrook,CA,California,6023,Humboldt,40.9723,-124.025,736,27.1,shape,False,False,America/Los_Angeles,3,95519,1840025519
17256,Alamo,Alamo,NV,Nevada,32017,Lincoln,37.3771,-115.1678,736,44.7,shape,False,False,America/Los_Angeles,3,89001 89017,1840024649
17259,Rough and Ready,Rough and Ready,CA,California,6057,Nevada,39.234,-121.1381,736,89.6,shape,False,False,America/Los_Angeles,3,95959 95975,1840026655
17314,Independence,Independence,CA,California,6027,Inyo,36.8275,-118.2132,730,58.0,shape,False,False,America/Los_Angeles,3,93526,1840017644
17322,Lockwood,Lockwood,CA,California,6005,Amador,38.4867,-120.6035,730,51.8,shape,False,False,America/Los_Angeles,3,95689,1840153155
17373,University of California-Merced,University of California-Merced,CA,California,6047,Merced,37.3666,-120.4192,724,428.4,shape,False,True,America/Los_Angeles,3,95340,1840076405
17377,Delleker,Delleker,CA,California,6063,Plumas,39.8102,-120.4968,724,101.1,shape,False,False,America/Los_Angeles,3,96122,1840018763
17384,Loleta,Loleta,CA,California,6023,Humboldt,40.6408,-124.2225,723,131.4,shape,False,False,America/Los_Angeles,3,95551,1840009621
17402,Deer Park,Deer Park,CA,California,6055,Napa,38.536,-122.4679,720,49.5,shape,False,False,America/Los_Angeles,3,94576 94574,1840028366
17406,Laytonville,Laytonville,CA,California,6045,Mendocino,39.6715,-123.4945,720,51.8,shape,False,False,America/Los_Angeles,3,95454,1840017534
17442,Smith Corner,Smith Corner,CA,California,6029,Kern,35.4788,-119.2771,718,787.4,shape,False,False,America/Los_Angeles,3,93263,1840026946
17482,Modjeska,Modjeska,CA,California,6059,Orange,33.7091,-117.6299,714,137.6,shape,False,False,America/Los_Angeles,4,92676,1840129910
17485,Wallace,Wallace,CA,California,6009,Calaveras,38.2039,-120.9609,714,60.1,shape,False,False,America/Los_Angeles,3,95254,1840018871
17502,Butte Creek Canyon,Butte Creek Canyon,CA,California,6007,Butte,39.7489,-121.6968,713,13.4,shape,False,True,America/Los_Angeles,4,95928,1840042807
17568,Wadsworth,Wadsworth,NV,Nevada,32031,Washoe,39.6322,-119.2901,705,73.4,shape,False,False,America/Los_Angeles,3,89442,1840018710
17570,Ducor,Ducor,CA,California,6107,Tulare,35.8927,-119.047,704,488.1,shape,False,False,America/Los_Angeles,3,93218,1840019031
17683,Pescadero,Pescadero,CA,California,6081,San Mateo,37.2507,-122.3725,691,66.3,shape,False,False,America/Los_Angeles,3,94060,1840026829
17695,Crescent Valley,Crescent Valley,NV,Nevada,32011,Eureka,40.4198,-116.5753,690,119.5,shape,False,False,America/Los_Angeles,3,89821,1840024243
17708,East Tulare Villa,East Tulare Villa,CA,California,6107,Tulare,36.2038,-119.2803,689,523.1,shape,False,True,America/Los_Angeles,3,93274,1840042218
17727,Chilcoot-Vinton,Chilcoot-Vinton,CA,California,6063,Plumas,39.8067,-120.1388,686,20.1,shape,False,True,America/Los_Angeles,4,96105,1840073908
17847,Geyserville,Geyserville,CA,California,6097,Sonoma,38.7173,-122.9034,672,57.5,shape,False,False,America/Los_Angeles,3,95441,1840024616
17853,Lytle Creek,Lytle Creek,CA,California,6071,San Bernardino,34.2499,-117.5044,672,43.1,shape,False,False,America/Los_Angeles,3,92358,1840024932
17889,Boonville,Boonville,CA,California,6045,Mendocino,39.0115,-123.374,667,46.5,shape,False,False,America/Los_Angeles,3,95415,1840025581
17992,Dustin Acres,Dustin Acres,CA,California,6029,Kern,35.2159,-119.375,656,68.9,shape,False,False,America/Los_Angeles,3,93268,1840019129
17994,Alta,Alta,CA,California,6061,Placer,39.2138,-120.8033,656,106.3,shape,False,False,America/Los_Angeles,3,95701,1840025619
18025,Clyde,Clyde,CA,California,6013,Contra Costa,38.0253,-122.028,653,661.4,shape,False,False,America/Los_Angeles,3,94520,1840017607
18091,Owyhee,Owyhee,NV,Nevada,32007,Elko,41.9165,-116.1825,647,1.1,shape,False,False,America/Los_Angeles,3,89832,1840018705
18130,Virginia City,Virginia City,NV,Nevada,32029,Storey,39.3074,-119.6483,644,286.9,shape,False,False,America/Los_Angeles,3,89440,1840026641
18141,Etna,Etna,CA,California,6093,Siskiyou,41.4582,-122.8945,642,323.5,shape,False,True,America/Los_Angeles,3,96027,1840020103
18168,Tranquillity,Tranquillity,CA,California,6019,Fresno,36.648,-120.2526,639,399.6,shape,False,False,America/Los_Angeles,3,93668,1840018943
18210,Lower Lake,Lower Lake,CA,California,6033,Lake,38.9118,-122.6084,635,91.9,shape,False,False,America/Los_Angeles,3,95457,1840017547
18261,Manton,Manton,CA,California,6103,Tehama,40.4202,-121.854,629,13.7,shape,False,False,America/Los_Angeles,3,96059,1840017506
18277,Lee Vining,Lee Vining,CA,California,6051,Mono,37.9546,-119.1221,628,46.6,shape,False,False,America/Los_Angeles,3,93541,1840024630
18382,Fuller Acres,Fuller Acres,CA,California,6029,Kern,35.3023,-118.9143,619,316.8,shape,False,False,America/Los_Angeles,3,93307,1840026944
18389,Grangeville,Grangeville,CA,California,6031,Kings,36.344,-119.7075,618,373.0,shape,False,False,America/Los_Angeles,3,93230,1840025771
18430,Cleone,Cleone,CA,California,6045,Mendocino,39.4928,-123.7812,613,148.5,shape,False,False,America/Los_Angeles,3,95437,1840025584
18459,Pasatiempo,Pasatiempo,CA,California,6087,Santa Cruz,37.0034,-122.0265,610,264.5,shape,False,False,America/Los_Angeles,3,95060,1840028113
18579,Mountain Mesa,Mountain Mesa,CA,California,6029,Kern,35.6411,-118.4047,600,267.1,shape,False,False,America/Los_Angeles,3,93240,1840019135
18600,Bangor,Bangor,CA,California,6007,Butte,39.3761,-121.4117,597,17.2,shape,False,False,America/Los_Angeles,3,95901 95966 95914,1840025562
18616,Oak Run,Oak Run,CA,California,6089,Shasta,40.6902,-122.0285,596,76.4,shape,False,False,America/Los_Angeles,4,96069,1840130511
18621,Valley Acres,Valley Acres,CA,California,6029,Kern,35.2087,-119.4106,595,55.7,shape,False,False,America/Los_Angeles,3,93268,1840019143
18646,Bend,Bend,CA,California,6103,Tehama,40.2561,-122.2095,593,78.6,shape,False,False,America/Los_Angeles,3,96080,1840025546
18672,Elfin Forest,Elfin Forest,CA,California,6073,San Diego,33.0812,-117.1775,592,112.9,shape,False,False,America/Los_Angeles,3,92029,1840153151
18775,San Geronimo,San Geronimo,CA,California,6041,Marin,38.0067,-122.6633,583,149.2,shape,False,False,America/Los_Angeles,3,94963,1840018886
18834,Lakehead,Lakehead,CA,California,6089,Shasta,40.9007,-122.3924,577,47.4,shape,False,False,America/Los_Angeles,3,96051,1840028161
18848,Cedarville,Cedarville,CA,California,6049,Modoc,41.5281,-120.1748,575,40.8,shape,False,False,America/Los_Angeles,3,96104,1840022386
18865,Mendocino,Mendocino,CA,California,6045,Mendocino,39.311,-123.7908,574,98.2,shape,False,False,America/Los_Angeles,3,95460,1840018782
18880,Cohasset,Cohasset,CA,California,6007,Butte,39.9022,-121.7453,573,8.8,shape,False,False,America/Los_Angeles,3,95973,1840025567
18897,Matheny,Matheny,CA,California,6107,Tulare,36.1707,-119.3516,572,515.7,shape,False,True,America/Los_Angeles,3,93274,1840042276
18901,Westley,Westley,CA,California,6099,Stanislaus,37.5469,-121.2009,572,671.5,shape,False,False,America/Los_Angeles,3,95363 95387,1840018911
18943,Peters,Peters,CA,California,6077,San Joaquin,37.9763,-121.0439,568,86.8,shape,False,False,America/Los_Angeles,3,95236,1840024698
19019,Vallecito,Vallecito,CA,California,6009,Calaveras,38.0836,-120.4652,562,64.7,shape,False,False,America/Los_Angeles,3,95251,1840018869
19020,Fort Jones,Fort Jones,CA,California,6093,Siskiyou,41.6086,-122.8409,562,360.3,shape,False,True,America/Los_Angeles,3,96032,1840020104
19028,Zephyr Cove,Zephyr Cove,NV,Nevada,32005,Douglas,39.0082,-119.9307,562,102.3,shape,False,False,America/Los_Angeles,3,89448,1840033820
19047,Indianola,Indianola,CA,California,6023,Humboldt,40.8133,-124.0808,560,153.3,shape,False,False,America/Los_Angeles,3,95503 95524,1840026322
19063,Nipinnawasee,Nipinnawasee,CA,California,6039,Madera,37.4031,-119.7293,558,69.8,shape,False,False,America/Los_Angeles,3,93601,1840026814
19070,College City,College City,CA,California,6011,Colusa,39.0061,-122.0051,557,73.3,shape,False,False,America/Los_Angeles,3,95912,1840022464
19092,New Cuyama,New Cuyama,CA,California,6083,Santa Barbara,34.943,-119.6819,555,338.9,shape,False,False,America/Los_Angeles,3,93254,1840024984
19168,Round Valley,Round Valley,CA,California,6027,Inyo,37.407,-118.5817,548,15.1,shape,False,False,America/Los_Angeles,3,93514,1840018954
19201,Plainview,Plainview,CA,California,6107,Tulare,36.1431,-119.1355,545,546.1,shape,False,False,America/Los_Angeles,3,93267,1840024876
19227,Shelter Cove,Shelter Cove,CA,California,6023,Humboldt,40.0389,-124.0558,543,36.0,shape,False,False,America/Los_Angeles,3,95589,1840025526
19270,Happy Camp,Happy Camp,CA,California,6093,Siskiyou,41.8104,-123.3892,539,17.2,shape,False,False,America/Los_Angeles,3,96039,1840025508
19294,Dunnigan,Dunnigan,CA,California,6113,Yolo,38.8926,-121.9741,537,39.6,shape,False,False,America/Los_Angeles,3,95937,1840024600
19316,West Goshen,West Goshen,CA,California,6107,Tulare,36.3492,-119.4574,535,308.4,shape,False,True,America/Los_Angeles,3,93291,1840042852
19367,Fields Landing,Fields Landing,CA,California,6023,Humboldt,40.7249,-124.2177,532,325.4,shape,False,False,America/Los_Angeles,3,95537,1840025528
19402,Fish Springs,Fish Springs,NV,Nevada,32005,Douglas,38.9536,-119.6511,528,22.2,shape,False,True,America/Los_Angeles,4,89410,1840039822
19428,Carter Springs,Carter Springs,NV,Nevada,32005,Douglas,38.8619,-119.6413,526,72.5,shape,False,True,America/Los_Angeles,4,89410,1840039791
19459,Walker,Walker,CA,California,6051,Mono,38.5185,-119.473,524,16.6,shape,False,False,America/Los_Angeles,3,96107,1840024633
19473,Isleton,Isleton,CA,California,6067,Sacramento,38.1617,-121.6051,522,458.5,shape,False,True,America/Los_Angeles,3,95641,1840018849
19537,Wilkerson,Wilkerson,CA,California,6027,Inyo,37.2794,-118.3877,518,34.9,shape,False,True,America/Los_Angeles,4,93514,1840074765
19546,Point Reyes Station,Point Reyes Station,CA,California,6041,Marin,38.0847,-122.8093,517,55.2,shape,False,False,America/Los_Angeles,3,94956,1840018885
19574,Springville,Springville,CA,California,6107,Tulare,36.1225,-118.8228,514,130.7,shape,False,False,America/Los_Angeles,3,93265,1840019034
19588,Miranda,Miranda,CA,California,6023,Humboldt,40.2289,-123.8173,513,132.6,shape,False,False,America/Los_Angeles,3,95553,1840009298
19623,El Nido,El Nido,CA,California,6047,Merced,37.1324,-120.4985,510,59.8,shape,False,False,America/Los_Angeles,3,95317,1840024771
19626,Oak Glen,Oak Glen,CA,California,6071,San Bernardino,34.0448,-116.9497,510,13.1,shape,False,False,America/Los_Angeles,3,92399,1840024933
19677,El Portal,El Portal,CA,California,6043,Mariposa,37.6737,-119.787,505,104.6,shape,False,False,America/Los_Angeles,3,95318,1840024752
19697,Stateline,Stateline,NV,Nevada,32005,Douglas,38.9678,-119.944,503,270.2,shape,False,False,America/Los_Angeles,3,89449,1840018827
19752,Bass Lake,Bass Lake,CA,California,6039,Madera,37.328,-119.5665,499,102.4,shape,False,False,America/Los_Angeles,3,93604,1840025723
19764,Rail Road Flat,Rail Road Flat,CA,California,6009,Calaveras,38.3246,-120.5169,498,11.1,shape,False,False,America/Los_Angeles,3,95245 95248,1840018866
19768,Cowan,Cowan,CA,California,6099,Stanislaus,37.5601,-120.9888,497,407.1,shape,False,True,America/Los_Angeles,3,95358,1840042928
19780,Courtland,Courtland,CA,California,6067,Sacramento,38.3329,-121.557,496,106.4,shape,False,False,America/Los_Angeles,3,95615,1840022492
19786,Graeagle,Graeagle,CA,California,6063,Plumas,39.7572,-120.6486,496,17.3,shape,False,False,America/Los_Angeles,3,96103,1840017518
19825,Buena Vista,Buena Vista,CA,California,6005,Amador,38.2975,-120.9174,493,112.8,shape,False,False,America/Los_Angeles,3,95640,1840022499
19861,Groveland,Groveland,CA,California,6109,Tuolumne,37.8325,-120.2392,490,19.8,shape,False,False,America/Los_Angeles,3,95305 95321,1840026755
19903,Salyer,Salyer,CA,California,6105,Trinity,40.886,-123.5807,487,35.6,shape,False,False,America/Los_Angeles,3,95563,1840027334
19928,Lanare,Lanare,CA,California,6019,Fresno,36.4377,-119.9322,484,92.5,shape,False,False,America/Los_Angeles,3,93656,1840017636
19936,Lemon Cove,Lemon Cove,CA,California,6107,Tulare,36.3809,-119.0284,484,140.0,shape,False,True,America/Los_Angeles,4,93286 93244,1840074315
19937,Chalfant,Chalfant,CA,California,6051,Mono,37.5105,-118.375,483,6.7,shape,False,True,America/Los_Angeles,4,93514,1840075653
19940,Cazadero,Cazadero,CA,California,6097,Sonoma,38.5265,-123.0978,483,26.2,shape,False,False,America/Los_Angeles,3,95421,1840022488
19979,Hamilton Branch,Hamilton Branch,CA,California,6063,Plumas,40.2772,-121.0961,480,170.7,shape,False,False,America/Los_Angeles,3,96137,1840017520
19986,Ruth,Ruth,CA,California,6105,Trinity,40.2943,-123.3483,480,4.8,shape,False,False,America/Los_Angeles,3,95552,1840026339
20045,Ripley,Ripley,CA,California,6065,Riverside,33.5238,-114.653,476,108.1,shape,False,False,America/Los_Angeles,3,92225,1840025033
20065,Calpella,Calpella,CA,California,6045,Mendocino,39.2323,-123.197,474,71.8,shape,False,False,America/Los_Angeles,3,95482,1840025582
20081,Patton Village,Patton Village,CA,California,6035,Lassen,40.1407,-120.1782,473,52.3,shape,False,False,America/Los_Angeles,3,96113,1840028300
20092,Newell,Newell,CA,California,6049,Modoc,41.8898,-121.3675,472,75.9,shape,False,False,America/Los_Angeles,3,96134,1840024125
20124,Paradise Park,Paradise Park,CA,California,6087,Santa Cruz,37.0062,-122.0425,470,102.9,shape,False,False,America/Los_Angeles,3,95060,1840024797
20134,Lake Almanor Country Club,Lake Almanor Country Club,CA,California,6063,Plumas,40.2578,-121.147,469,66.0,shape,False,False,America/Los_Angeles,3,96137,1840028417
20139,Keene,Keene,CA,California,6029,Kern,35.2335,-118.6098,469,19.2,shape,False,False,America/Los_Angeles,3,93531,1840017821
20160,Woodville Farm Labor Camp,Woodville Farm Labor Camp,CA,California,6107,Tulare,36.0832,-119.1479,468,226.1,shape,False,False,America/Los_Angeles,3,93257,1840153150
20219,Mount Charleston,Mount Charleston,NV,Nevada,32003,Clark,36.2625,-115.6138,465,6.1,shape,False,False,America/Los_Angeles,3,89124,1840019025
20238,Lake Almanor West,Lake Almanor West,CA,California,6063,Plumas,40.2336,-121.2021,463,78.2,shape,False,False,America/Los_Angeles,3,96020,1840028298
20248,Coloma,Coloma,CA,California,6017,El Dorado,38.8026,-120.8946,462,53.2,shape,False,False,America/Los_Angeles,3,95667 95613 95651,1840022478
20249,San Ardo,San Ardo,CA,California,6053,Monterey,36.0238,-120.9074,462,397.0,shape,False,False,America/Los_Angeles,3,93450,1840019021
20264,Victor,Victor,CA,California,6077,San Joaquin,38.1385,-121.1987,460,140.6,shape,False,False,America/Los_Angeles,3,95240 95253,1840024699
20370,Fulton,Fulton,CA,California,6097,Sonoma,38.4937,-122.7734,453,89.8,shape,False,False,America/Los_Angeles,3,95439,1840024615
20381,Salton Sea Beach,Salton Sea Beach,CA,California,6025,Imperial,33.3759,-116.0113,453,608.2,shape,False,False,America/Los_Angeles,3,92274,1840019375
20420,Paloma,Paloma,CA,California,6009,Calaveras,38.2594,-120.7633,450,22.3,point,False,False,America/Los_Angeles,4,95252,1840130541
20423,Cold Springs,Cold Springs,CA,California,6017,El Dorado,38.7465,-120.8738,449,177.7,shape,False,False,America/Los_Angeles,3,95667,1840025638
20432,Edison,Edison,CA,California,6029,Kern,35.3473,-118.8698,449,171.3,shape,False,False,America/Los_Angeles,3,93220 93307,1840028092
20466,Ballico,Ballico,CA,California,6047,Merced,37.4519,-120.7037,447,57.1,shape,False,False,America/Los_Angeles,3,95303,1840022556
20488,Mesa Vista,Mesa Vista,CA,California,6003,Alpine,38.8102,-119.8033,445,35.2,shape,False,False,America/Los_Angeles,3,96120,1840028411
20506,Fall River Mills,Fall River Mills,CA,California,6089,Shasta,41.0069,-121.4401,444,64.7,shape,False,False,America/Los_Angeles,3,96028,1840017492
20522,El Centro Naval Air Facility,El Centro Naval Air Facility,CA,California,6025,Imperial,32.8252,-115.6681,443,40.8,shape,True,False,America/Los_Angeles,4,92243,1840153162
20558,Tuttletown,Tuttletown,CA,California,6109,Tuolumne,38.0003,-120.4503,440,23.1,shape,False,False,America/Los_Angeles,3,95370,1840024694
20612,Rio Oso,Rio Oso,CA,California,6101,Sutter,38.9518,-121.531,437,26.0,shape,False,False,America/Los_Angeles,3,95674,1840024525
20627,Potter Valley,Potter Valley,CA,California,6045,Mendocino,39.319,-123.1122,436,41.8,shape,False,False,America/Los_Angeles,3,95469,1840026601
20661,Iron Horse,Iron Horse,CA,California,6063,Plumas,39.7805,-120.4824,434,21.6,shape,False,False,America/Los_Angeles,3,96122,1840028345
20677,Tonyville,Tonyville,CA,California,6107,Tulare,36.2474,-119.0903,433,563.6,shape,False,False,America/Los_Angeles,3,93247,1840024882
20746,California Pines,California Pines,CA,California,6049,Modoc,41.4117,-120.6605,427,22.2,shape,False,False,America/Los_Angeles,3,96101,1840022384
20795,Greenville,Greenville,CA,California,6063,Plumas,40.1336,-120.9454,424,20.5,shape,False,False,America/Los_Angeles,3,95947,1840017519
20858,Cantua Creek,Cantua Creek,CA,California,6019,Fresno,36.5001,-120.3163,420,42.7,shape,False,False,America/Los_Angeles,3,93608,1840017631
20895,Potrero,Potrero,CA,California,6073,San Diego,32.6131,-116.6068,417,51.1,shape,False,False,America/Los_Angeles,3,91963,1840026995
20939,Trinity Center,Trinity Center,CA,California,6105,Trinity,40.9841,-122.7083,414,30.6,shape,False,False,America/Los_Angeles,3,96091,1840024177
20941,Clipper Mills,Clipper Mills,CA,California,6007,Butte,39.5325,-121.1665,414,91.9,shape,False,False,America/Los_Angeles,3,95930,1840025566
20964,Allensworth,Allensworth,CA,California,6107,Tulare,35.85,-119.3892,413,51.4,shape,False,False,America/Los_Angeles,3,93219,1840024864
20977,Lake Almanor Peninsula,Lake Almanor Peninsula,CA,California,6063,Plumas,40.2813,-121.1345,412,52.4,shape,False,False,America/Los_Angeles,3,96137,1840028418
21045,Dorrington,Dorrington,CA,California,6009,Calaveras,38.3031,-120.2648,406,38.6,shape,False,False,America/Los_Angeles,3,95223,1840018862
21070,Scotia,Scotia,CA,California,6023,Humboldt,40.4774,-124.1032,405,209.6,shape,False,False,America/Los_Angeles,3,95565,1840009321
21076,Sand City,Sand City,CA,California,6053,Monterey,36.6184,-121.8477,404,285.1,shape,False,True,America/Los_Angeles,3,93955,1840021633
21097,Davenport,Davenport,CA,California,6087,Santa Cruz,37.0176,-122.1881,403,54.7,shape,False,False,America/Los_Angeles,3,95017,1840022570
21127,Friant,Friant,CA,California,6019,Fresno,36.9848,-119.713,401,123.8,shape,False,False,America/Los_Angeles,3,93626,1840017635
21136,Bootjack,Bootjack,CA,California,6043,Mariposa,37.4673,-119.8852,400,40.3,shape,False,False,America/Los_Angeles,3,95338,1840017621
21144,Zayante,Zayante,CA,California,6087,Santa Cruz,37.0892,-122.0409,399,54.6,shape,False,False,America/Los_Angeles,3,95018,1840024798
21177,Sierra Brooks,Sierra Brooks,CA,California,6091,Sierra,39.6426,-120.2155,397,111.9,shape,False,False,America/Los_Angeles,3,96118,1840028319
21254,Carnelian Bay,Carnelian Bay,CA,California,6061,Placer,39.2336,-120.0764,391,116.2,shape,False,False,America/Los_Angeles,3,95604 96140,1840025620
21323,Beckwourth,Beckwourth,CA,California,6063,Plumas,39.8485,-120.4111,388,12.8,shape,False,False,America/Los_Angeles,3,96122,1840017511
21347,Beatty,Beatty,NV,Nevada,32023,Nye,36.9474,-116.7337,387,8.5,shape,False,False,America/Los_Angeles,3,89003,1840017561
21369,Cressey,Cressey,CA,California,6047,Merced,37.421,-120.6557,386,84.8,shape,False,False,America/Los_Angeles,3,95312 95388,1840022557
21376,Imlay,Imlay,NV,Nevada,32027,Pershing,40.6581,-118.1441,385,123.8,shape,False,False,America/Los_Angeles,3,89418,1840024249
21418,Traver,Traver,CA,California,6107,Tulare,36.454,-119.4838,382,220.2,shape,False,False,America/Los_Angeles,3,93673 93631,1840019040
21470,Del Dios,Del Dios,CA,California,6073,San Diego,33.0757,-117.119,379,357.0,shape,False,False,America/Los_Angeles,4,92029,1840028124
21485,Glenbrook,Glenbrook,NV,Nevada,32005,Douglas,39.0986,-119.9341,378,38.5,shape,False,False,America/Los_Angeles,3,89413,1840024556
21509,Seville,Seville,CA,California,6107,Tulare,36.4835,-119.2259,377,146.6,shape,False,False,America/Los_Angeles,3,93292,1840024879
21513,Walker Lake,Walker Lake,NV,Nevada,32021,Mineral,38.6458,-118.7563,376,114.9,shape,False,False,America/Los_Angeles,3,89415,1840024562
21520,Goldfield,Goldfield,NV,Nevada,32009,Esmeralda,37.7121,-117.2378,376,98.0,shape,False,False,America/Los_Angeles,3,89013,1840024689
21551,River Pines,River Pines,CA,California,6005,Amador,38.5455,-120.7428,374,445.0,shape,False,False,America/Los_Angeles,3,95675,1840025657
21586,Plumas Eureka,Plumas Eureka,CA,California,6063,Plumas,39.7982,-120.6645,372,36.1,shape,False,False,America/Los_Angeles,3,96103,1840028419
21607,Shaver Lake,Shaver Lake,CA,California,6019,Fresno,37.0971,-119.3245,371,4.4,shape,False,False,America/Los_Angeles,3,93664,1840018939
21614,Bunkerville,Bunkerville,NV,Nevada,32003,Clark,36.7594,-114.1412,370,13.8,shape,False,False,America/Los_Angeles,3,89007,1840017685
21621,Ridgecrest Heights,Ridgecrest Heights,CA,California,6029,Kern,35.6019,-117.7042,370,236.5,shape,False,False,America/Los_Angeles,3,93555,1840147391
21631,Spaulding,Spaulding,CA,California,6035,Lassen,40.6557,-120.7863,369,42.8,shape,False,True,America/Los_Angeles,4,96130,1840076249
21675,Tehama,Tehama,CA,California,6103,Tehama,40.0217,-122.1268,366,177.9,shape,False,True,America/Los_Angeles,3,96090,1840021411
21684,Princeton,Princeton,CA,California,6011,Colusa,39.4016,-122.0194,365,96.5,shape,False,False,America/Los_Angeles,3,95970 95932,1840024471
21689,Terminous,Terminous,CA,California,6077,San Joaquin,38.1153,-121.4896,365,144.2,shape,False,False,America/Los_Angeles,3,95242,1840026769
21714,Meadow Valley,Meadow Valley,CA,California,6063,Plumas,39.9323,-121.083,363,16.5,shape,False,False,America/Los_Angeles,3,95956,1840018765
21821,Calpine,Calpine,CA,California,6091,Sierra,39.6633,-120.4436,356,193.6,shape,False,False,America/Los_Angeles,3,96124,1840022446
21833,Bombay Beach,Bombay Beach,CA,California,6025,Imperial,33.3556,-115.7269,356,207.1,shape,False,False,America/Los_Angeles,3,92257,1840018033
21922,Sierraville,Sierraville,CA,California,6091,Sierra,39.575,-120.3637,351,27.0,shape,False,False,America/Los_Angeles,3,96126,1840024381
21936,Blue Diamond,Blue Diamond,NV,Nevada,32003,Clark,36.04,-115.4128,351,18.8,shape,False,False,America/Los_Angeles,3,89004,1840017684
21961,Olde Stockdale,Olde Stockdale,CA,California,6029,Kern,35.3476,-119.0794,349,330.9,shape,False,False,America/Los_Angeles,3,93309,1840147384
21965,Edmundson Acres,Edmundson Acres,CA,California,6029,Kern,35.2273,-118.8233,349,427.9,shape,False,False,America/Los_Angeles,3,93203,1840026943
21980,Trinidad,Trinidad,CA,California,6023,Humboldt,41.0589,-124.1434,347,274.6,shape,False,True,America/Los_Angeles,3,95570,1840010444
22000,Gasquet,Gasquet,CA,California,6015,Del Norte,41.8429,-123.9731,346,28.1,shape,False,False,America/Los_Angeles,3,95543,1840025509
22017,Bear Creek,Bear Creek,CA,California,6047,Merced,37.2966,-120.4177,346,273.2,shape,False,False,America/Los_Angeles,3,95340,1840026834
22018,McArthur,McArthur,CA,California,6089,Shasta,41.0414,-121.4068,346,133.4,shape,False,False,America/Los_Angeles,3,96028 96056,1840017493
22040,Stirling City,Stirling City,CA,California,6007,Butte,39.9064,-121.5361,344,112.8,shape,False,False,America/Los_Angeles,3,95954 95978,1840025574
22047,Mesa,Mesa,CA,California,6027,Inyo,37.419,-118.5424,343,37.8,shape,False,True,America/Los_Angeles,4,93514,1840074418
22075,Mono City,Mono City,CA,California,6051,Mono,38.0321,-119.1474,342,16.8,shape,False,False,America/Los_Angeles,3,93541,1840028305
22122,Baker,Baker,CA,California,6071,San Bernardino,35.2769,-116.0717,339,48.7,shape,False,False,America/Los_Angeles,3,92309,1840025801
22167,Artois,Artois,CA,California,6021,Glenn,39.6331,-122.1898,336,45.1,shape,False,False,America/Los_Angeles,3,95913,1840025587
22186,Derby Acres,Derby Acres,CA,California,6029,Kern,35.244,-119.6038,335,36.1,shape,False,False,America/Los_Angeles,3,93224,1840019128
22197,Crows Landing,Crows Landing,CA,California,6099,Stanislaus,37.3944,-121.0752,335,78.2,shape,False,False,America/Los_Angeles,3,95313 95360,1840022539
22198,Swall Meadows,Swall Meadows,CA,California,6051,Mono,37.5061,-118.6426,335,29.0,shape,False,True,America/Los_Angeles,4,93514,1840076346
22263,Vernon,Vernon,CA,California,6037,Los Angeles,34.0019,-118.2105,331,25.7,shape,False,True,America/Los_Angeles,3,90058,1840021874
22278,Edna,Edna,CA,California,6079,San Luis Obispo,35.2108,-120.606,330,104.5,shape,False,False,America/Los_Angeles,3,93401,1840024937
22312,Valley Home,Valley Home,CA,California,6099,Stanislaus,37.8272,-120.9143,328,110.2,shape,False,False,America/Los_Angeles,3,95361,1840024711
22368,Aspen Springs,Aspen Springs,CA,California,6051,Mono,37.55,-118.7086,325,35.0,shape,False,False,America/Los_Angeles,3,93546,1840022494
22389,Mountain Ranch,Mountain Ranch,CA,California,6009,Calaveras,38.2117,-120.5311,324,32.0,shape,False,False,America/Los_Angeles,3,95246,1840018864
22391,East Orosi,East Orosi,CA,California,6107,Tulare,36.5481,-119.2599,324,888.4,shape,False,False,America/Los_Angeles,3,93647,1840019033
22392,Bloomfield,Bloomfield,CA,California,6097,Sonoma,38.3183,-122.8502,324,15.4,shape,False,False,America/Los_Angeles,3,94952,1840022485
22399,Sunny Slopes,Sunny Slopes,CA,California,6051,Mono,37.5693,-118.6758,323,66.2,shape,False,True,America/Los_Angeles,4,93546,1840076293
22483,Elmira,Elmira,CA,California,6095,Solano,38.3523,-121.9077,319,232.0,shape,False,False,America/Los_Angeles,3,95625 95687,1840017585
22487,Meridian,Meridian,CA,California,6101,Sutter,39.1405,-121.9078,319,23.3,shape,False,False,America/Los_Angeles,3,95957,1840024523
22489,Burnt Ranch,Burnt Ranch,CA,California,6105,Trinity,40.8111,-123.5082,318,9.2,shape,False,False,America/Los_Angeles,3,95527,1840022390
22508,Topaz Lake,Topaz Lake,NV,Nevada,32005,Douglas,38.6976,-119.5427,318,99.0,shape,False,False,America/Los_Angeles,3,89410,1840024559
22521,Hood,Hood,CA,California,6067,Sacramento,38.3693,-121.5155,317,233.7,shape,False,False,America/Los_Angeles,3,95639,1840024627
22543,Benbow,Benbow,CA,California,6023,Humboldt,40.0603,-123.7654,316,25.0,shape,False,False,America/Los_Angeles,3,95542,1840025517
22593,Skyland,Skyland,NV,Nevada,32005,Douglas,39.0265,-119.9221,313,27.7,shape,False,False,America/Los_Angeles,3,89448,1840024558
22633,Muir Beach,Muir Beach,CA,California,6041,Marin,37.8655,-122.5859,311,243.7,shape,False,False,America/Los_Angeles,3,94965,1840018884
22642,Goodsprings,Goodsprings,NV,Nevada,32003,Clark,35.8319,-115.4352,311,122.9,shape,False,False,America/Los_Angeles,3,89019,1840017687
22677,Loma Mar,Loma Mar,CA,California,6081,San Mateo,37.2658,-122.3007,309,68.9,shape,False,False,America/Los_Angeles,3,94021,1840026828
22760,Nixon,Nixon,NV,Nevada,32031,Washoe,39.828,-119.3589,305,18.6,shape,False,False,America/Los_Angeles,3,89424,1840018709
22783,Bridgeport,Bridgeport,CA,California,6051,Mono,38.2561,-119.2123,303,5.4,shape,False,False,America/Los_Angeles,3,93517,1840022496
22837,Di Giorgio,Di Giorgio,CA,California,6029,Kern,35.2491,-118.8442,301,391.8,shape,False,False,America/Los_Angeles,3,93203,1840028125
22892,Ruth,Ruth,NV,Nevada,32033,White Pine,39.2791,-114.9901,298,482.5,shape,False,False,America/Los_Angeles,3,89301 89319,1840026574
22930,Port Costa,Port Costa,CA,California,6013,Contra Costa,38.0446,-122.185,296,289.6,shape,False,False,America/Los_Angeles,3,94569,1840018899
22975,Fairhaven,Fairhaven,CA,California,6023,Humboldt,40.7884,-124.2014,293,174.1,shape,False,False,America/Los_Angeles,3,95564,1840028108
22986,Dillon Beach,Dillon Beach,CA,California,6041,Marin,38.2436,-122.9562,293,37.9,shape,False,False,America/Los_Angeles,3,94929 94971,1840018883
23004,Benton,Benton,CA,California,6051,Mono,37.8189,-118.4845,292,4.0,shape,False,False,America/Los_Angeles,3,93514 93512,1840022495
23045,Fort Washington,Fort Washington,CA,California,6019,Fresno,36.8793,-119.7613,290,1453.3,shape,False,True,America/Los_Angeles,3,93720,1840075818
23074,Clarksburg,Clarksburg,CA,California,6113,Yolo,38.4193,-121.5416,288,54.8,shape,False,False,America/Los_Angeles,3,95612,1840022483
23110,Fort McDermitt,Fort McDermitt,NV,Nevada,32013,Humboldt,41.9655,-117.6394,286,6.1,shape,False,True,America/Los_Angeles,4,89421,1840039823
23158,Coleville,Coleville,CA,California,6051,Mono,38.5806,-119.5029,284,5.7,shape,False,False,America/Los_Angeles,3,96107,1840022498
23197,Sutcliffe,Sutcliffe,NV,Nevada,32031,Washoe,39.9461,-119.6305,282,10.9,shape,False,False,America/Los_Angeles,3,89510,1840018712
23239,Coffee Creek,Coffee Creek,CA,California,6105,Trinity,41.0802,-122.7136,280,9.4,shape,False,False,America/Los_Angeles,3,96091,1840028299
23254,Grimes,Grimes,CA,California,6011,Colusa,39.0741,-121.8988,280,47.8,shape,False,False,America/Los_Angeles,3,95950,1840024468
23271,Caspar,Caspar,CA,California,6045,Mendocino,39.3631,-123.8043,279,36.0,shape,False,False,America/Los_Angeles,3,95460 95420,1840025583
23275,Eureka,Eureka,NV,Nevada,32011,Eureka,39.5112,-115.9658,279,83.4,shape,False,False,America/Los_Angeles,3,89316,1840024244
23321,Dyer,Dyer,NV,Nevada,32009,Esmeralda,37.6469,-118.0345,277,3.0,shape,False,False,America/Los_Angeles,3,89010,1840024688
23356,Cal-Nev-Ari,Cal-Nev-Ari,NV,Nevada,32003,Clark,35.2996,-114.8777,275,46.6,shape,False,False,America/Los_Angeles,3,89039,1840017686
23399,Dos Palos Y,Dos Palos Y,CA,California,6047,Merced,37.0469,-120.6395,273,67.3,shape,False,False,America/Los_Angeles,3,93620,1840024770
23428,Mad River,Mad River,CA,California,6105,Trinity,40.4325,-123.492,272,3.0,shape,False,False,America/Los_Angeles,3,95526 95552,1840024176
23443,Honcut,Honcut,CA,California,6007,Butte,39.3326,-121.5388,271,24.7,shape,False,False,America/Los_Angeles,3,95966,1840025570
23511,Hornbrook,Hornbrook,CA,California,6093,Siskiyou,41.908,-122.5597,268,88.6,shape,False,False,America/Los_Angeles,3,96044,1840017473
23518,Volta,Volta,CA,California,6047,Merced,37.0875,-120.9235,268,23.7,shape,False,False,America/Los_Angeles,3,93635,1840024776
23530,Avery,Avery,CA,California,6009,Calaveras,38.1967,-120.3698,268,113.3,shape,False,False,America/Los_Angeles,3,95224,1840017591
23556,Bieber,Bieber,CA,California,6035,Lassen,41.1332,-121.1295,266,29.7,shape,False,False,America/Los_Angeles,3,96009,1840022391
23580,Double Spring,Double Spring,NV,Nevada,32005,Douglas,38.7788,-119.6154,265,11.7,shape,False,True,America/Los_Angeles,4,89410,1840039798
23677,Lodoga,Lodoga,CA,California,6011,Colusa,39.3041,-122.5058,259,29.5,shape,False,False,America/Los_Angeles,3,95979,1840024469
23683,Canby,Canby,CA,California,6049,Modoc,41.4477,-120.8843,259,43.5,shape,False,False,America/Los_Angeles,3,96015,1840022385
23708,Glencoe,Glencoe,CA,California,6009,Calaveras,38.3541,-120.5849,258,17.9,point,False,False,America/Los_Angeles,4,95245 95232,1840045869
23736,Preston,Preston,NV,Nevada,32033,White Pine,38.915,-115.0637,257,76.8,shape,False,False,America/Los_Angeles,3,89317,1840024358
23786,Stinson Beach,Stinson Beach,CA,California,6041,Marin,37.9026,-122.6501,255,110.3,shape,False,False,America/Los_Angeles,3,94970,1840018891
23788,Grenada,Grenada,CA,California,6093,Siskiyou,41.6406,-122.526,254,189.8,shape,False,False,America/Los_Angeles,3,96038,1840017472
23819,El Adobe,El Adobe,CA,California,6029,Kern,35.2451,-118.9589,253,97.5,shape,False,False,America/Los_Angeles,3,93307,1840150306
23863,Albion,Albion,CA,California,6045,Mendocino,39.2256,-123.7564,250,53.2,shape,False,False,America/Los_Angeles,3,95410,1840025579
23869,Sierra City,Sierra City,CA,California,6091,Sierra,39.574,-120.6297,250,44.9,shape,False,False,America/Los_Angeles,3,96125,1840024380
23909,Centerville,Centerville,CA,California,6019,Fresno,36.7361,-119.4961,248,11.8,shape,False,False,America/Los_Angeles,3,93657,1840022563
23917,Guinda,Guinda,CA,California,6113,Yolo,38.8274,-122.1984,248,32.7,shape,False,False,America/Los_Angeles,3,95637,1840026714
23948,Paradise Valley,Paradise Valley,NV,Nevada,32013,Humboldt,41.4937,-117.547,247,27.8,shape,False,False,America/Los_Angeles,3,89426,1840024113
23951,Searchlight,Searchlight,NV,Nevada,32003,Clark,35.4555,-114.9204,246,24.5,shape,False,False,America/Los_Angeles,3,89046,1840019027
23995,Onyx,Onyx,CA,California,6029,Kern,35.6839,-118.2102,245,8.3,shape,False,False,America/Los_Angeles,3,93255,1840019138
24029,Whitley Gardens,Whitley Gardens,CA,California,6079,San Luis Obispo,35.6574,-120.507,244,71.8,shape,False,False,America/Los_Angeles,3,93446,1840024943
24032,Greenhorn,Greenhorn,CA,California,6063,Plumas,39.903,-120.759,243,14.0,shape,False,False,America/Los_Angeles,3,95971,1840028344
24034,Vina,Vina,CA,California,6103,Tehama,39.9343,-122.0517,243,69.4,shape,False,False,America/Los_Angeles,3,96092,1840026518
24045,Trowbridge,Trowbridge,CA,California,6101,Sutter,38.9264,-121.5149,243,13.8,shape,False,False,America/Los_Angeles,3,95674 95659,1840024527
24046,Snelling,Snelling,CA,California,6047,Merced,37.5216,-120.4385,243,173.6,shape,False,False,America/Los_Angeles,3,95369,1840024773
24076,Garden Farms,Garden Farms,CA,California,6079,San Luis Obispo,35.4158,-120.6141,241,85.1,shape,False,False,America/Los_Angeles,3,93422,1840024938
24093,Lockwood,Lockwood,CA,California,6053,Monterey,35.9412,-121.0802,240,8.5,shape,False,False,America/Los_Angeles,3,93426 93932,1840024857
24109,Keswick,Keswick,CA,California,6089,Shasta,40.6135,-122.4606,240,27.3,shape,False,False,America/Los_Angeles,3,96001,1840024203
24185,Gabbs,Gabbs,NV,Nevada,32023,Nye,38.8621,-117.933,237,61.1,shape,False,False,America/Los_Angeles,3,89409,1840026677
24241,Westside,Westside,CA,California,6019,Fresno,36.4042,-120.1341,234,40.8,shape,False,False,America/Los_Angeles,3,93624,1840028052
24248,Winterhaven,Winterhaven,CA,California,6025,Imperial,32.7372,-114.6378,234,655.9,shape,False,False,America/Los_Angeles,3,92283,1840019377
24250,Acampo,Acampo,CA,California,6077,San Joaquin,38.1735,-121.2797,234,96.4,shape,False,False,America/Los_Angeles,3,95220,1840026772
24272,Post Mountain,Post Mountain,CA,California,6105,Trinity,40.416,-123.2316,233,7.2,shape,False,False,America/Los_Angeles,3,96041,1840149498
24288,Yankee Hill,Yankee Hill,CA,California,6007,Butte,39.7007,-121.5147,232,14.9,shape,False,False,America/Los_Angeles,3,95965,1840025575
24375,Pine Flat,Pine Flat,CA,California,6107,Tulare,35.8746,-118.6428,228,88.1,shape,False,False,America/Los_Angeles,3,93207,1840024875
24435,Moskowite Corner,Moskowite Corner,CA,California,6055,Napa,38.4464,-122.1944,225,30.7,shape,False,False,America/Los_Angeles,4,94558,1840028257
24482,Fiddletown,Fiddletown,CA,California,6005,Amador,38.5069,-120.7602,223,18.9,shape,False,False,America/Los_Angeles,3,95629,1840024635
24508,Silver Peak,Silver Peak,NV,Nevada,32009,Esmeralda,37.7578,-117.6386,222,86.6,shape,False,False,America/Los_Angeles,3,89047,1840024690
24555,Pumpkin Center,Pumpkin Center,CA,California,6029,Kern,35.2653,-119.0324,220,181.9,shape,False,False,America/Los_Angeles,3,93313,1840147388
24603,Kirkwood,Kirkwood,CA,California,6003,Alpine,38.693,-120.0641,218,19.3,shape,False,False,America/Los_Angeles,3,95646,1840017584
24631,San Simeon,San Simeon,CA,California,6079,San Luis Obispo,35.6182,-121.1374,217,105.2,shape,False,False,America/Los_Angeles,3,93452,1840024941
24682,Bear Valley,Bear Valley,CA,California,6043,Mariposa,37.5697,-120.1199,214,33.9,shape,False,False,America/Los_Angeles,3,95338,1840137638
24687,Lindcove,Lindcove,CA,California,6107,Tulare,36.358,-119.0646,214,109.6,shape,False,False,America/Los_Angeles,3,93221,1840024871
24738,Herlong,Herlong,CA,California,6035,Lassen,40.1417,-120.1397,211,48.8,shape,True,True,America/Los_Angeles,4,96113,1840024201
24750,Alpine Village,Alpine Village,CA,California,6003,Alpine,38.7793,-119.8077,210,19.9,shape,False,False,America/Los_Angeles,3,96120,1840028412
24758,Industry,Industry,CA,California,6037,Los Angeles,34.0175,-117.9267,210,6.9,shape,False,True,America/Los_Angeles,3,91745 91744 91748 91746 91789 91715 91714,1840019236
24767,Robbins,Robbins,CA,California,6101,Sutter,38.867,-121.7056,210,31.3,shape,False,False,America/Los_Angeles,3,95676 95645,1840024526
24784,Trinity Village,Trinity Village,CA,California,6105,Trinity,40.8789,-123.5132,209,20.1,shape,False,False,America/Los_Angeles,3,95527 95563,1840025530
24796,June Lake,June Lake,CA,California,6051,Mono,37.7778,-119.0953,209,7.8,shape,False,False,America/Los_Angeles,3,93529,1840024629
24838,Whitmore,Whitmore,CA,California,6089,Shasta,40.6149,-121.9355,207,12.2,shape,False,False,America/Los_Angeles,4,96096,1840045946
24911,Castella,Castella,CA,California,6089,Shasta,41.1549,-122.3032,204,70.4,shape,False,False,America/Los_Angeles,4,96017 96025,1840027341
24918,Lakeridge,Lakeridge,NV,Nevada,32005,Douglas,39.0382,-119.9397,204,54.1,shape,False,False,America/Los_Angeles,3,89413,1840024557
24942,Golconda,Golconda,NV,Nevada,32013,Humboldt,40.9522,-117.4997,203,46.3,shape,False,False,America/Los_Angeles,3,89414,1840024111
24983,Tecopa,Tecopa,CA,California,6027,Inyo,35.835,-116.2074,201,4.2,shape,False,False,America/Los_Angeles,3,92389,1840018956
25017,Dutch Flat,Dutch Flat,CA,California,6061,Placer,39.208,-120.8345,200,130.3,shape,False,False,America/Los_Angeles,3,95714,1840025621
25053,Timber Cove,Timber Cove,CA,California,6097,Sonoma,38.541,-123.2589,199,13.6,shape,False,True,America/Los_Angeles,4,95450 95421,1840076383
25062,Orick,Orick,CA,California,6023,Humboldt,41.2909,-124.0692,199,16.2,shape,False,False,America/Los_Angeles,3,95555,1840025524
25178,Richfield,Richfield,CA,California,6103,Tehama,39.9738,-122.1732,194,136.9,shape,False,False,America/Los_Angeles,3,96021,1840026517
25267,Nord,Nord,CA,California,6007,Butte,39.7739,-121.9549,190,34.8,shape,False,False,America/Los_Angeles,3,95973,1840025572
25272,Fort Bidwell,Fort Bidwell,CA,California,6049,Modoc,41.863,-120.1589,190,22.9,shape,False,False,America/Los_Angeles,3,96112,1840024121
25276,Mountain Meadows,Mountain Meadows,CA,California,6029,Kern,35.0956,-118.4335,190,17.8,shape,False,False,America/Los_Angeles,3,93561,1840147385
25423,Macdoel,Macdoel,CA,California,6093,Siskiyou,41.8263,-122.0059,184,191.1,shape,False,False,America/Los_Angeles,3,96058,1840017468
25426,Manchester,Manchester,CA,California,6045,Mendocino,38.9744,-123.6909,184,27.1,shape,False,False,America/Los_Angeles,3,95459,1840026599
25435,Concow,Concow,CA,California,6007,Butte,39.7733,-121.5196,183,2.6,shape,False,False,America/Los_Angeles,3,95965,1840028362
25517,Douglas Flat,Douglas Flat,CA,California,6009,Calaveras,38.1144,-120.4549,181,102.2,point,False,False,America/Los_Angeles,4,95247 95251 95229,1840046405
25531,Martell,Martell,CA,California,6005,Amador,38.3644,-120.8036,180,31.8,shape,False,False,America/Los_Angeles,3,95642 95654,1840024636
25561,North San Juan,North San Juan,CA,California,6057,Nevada,39.3719,-121.106,179,28.5,shape,False,False,America/Los_Angeles,3,95959 95960,1840026654
25563,Hypericum,Hypericum,CA,California,6107,Tulare,36.2562,-119.2169,179,52.0,shape,False,False,America/Los_Angeles,3,93292,1840150063
25603,Volcano,Volcano,CA,California,6005,Amador,38.4506,-120.6218,177,48.8,shape,False,False,America/Los_Angeles,3,95689,1840024640
25623,Bluewater,Bluewater,CA,California,6071,San Bernardino,34.176,-114.264,177,65.3,shape,False,False,America/Los_Angeles,3,92242,1840017800
25693,Spreckels,Spreckels,CA,California,6053,Monterey,36.6247,-121.6465,174,589.2,shape,False,False,America/Los_Angeles,3,93962,1840019017
25707,Amador City,Amador City,CA,California,6005,Amador,38.4191,-120.8233,174,88.0,shape,False,True,America/Los_Angeles,3,95601,1840018850
25742,Clear Creek,Clear Creek,CA,California,6035,Lassen,40.3023,-121.0531,172,58.6,shape,False,False,America/Los_Angeles,3,96137,1840139955
25802,Raisin City,Raisin City,CA,California,6019,Fresno,36.6033,-119.9092,170,86.4,shape,False,False,America/Los_Angeles,3,93652 93706,1840018941
25823,Goodmanville,Goodmanville,CA,California,6029,Kern,35.4348,-118.939,169,96.4,shape,False,False,America/Los_Angeles,3,93308,1840145204
25824,Round Mountain,Round Mountain,CA,California,6089,Shasta,40.8006,-121.9375,169,38.9,shape,False,False,America/Los_Angeles,3,96084,1840018732
25847,Tomales,Tomales,CA,California,6041,Marin,38.247,-122.9054,168,221.7,shape,False,False,America/Los_Angeles,3,94971,1840018888
25956,Comptche,Comptche,CA,California,6045,Mendocino,39.2652,-123.5898,163,54.6,shape,False,False,America/Los_Angeles,3,95427,1840025585
25958,Hathaway Pines,Hathaway Pines,CA,California,6009,Calaveras,38.1919,-120.3655,163,52.3,point,False,False,America/Los_Angeles,4,95224 95233,1840130288
25996,Monson,Monson,CA,California,6107,Tulare,36.4924,-119.336,162,295.6,shape,False,False,America/Los_Angeles,3,93618,1840024872
26002,Three Rocks,Three Rocks,CA,California,6019,Fresno,36.5051,-120.3936,162,83.4,shape,False,False,America/Los_Angeles,3,93608,1840024783
26047,Midpines,Midpines,CA,California,6043,Mariposa,37.5524,-119.9289,160,14.2,shape,False,False,America/Los_Angeles,3,95338 95345,1840024755
26093,Sisquoc,Sisquoc,CA,California,6083,Santa Barbara,34.8621,-120.2943,158,27.4,shape,False,False,America/Los_Angeles,3,93454,1840024985
26124,Topaz,Topaz,CA,California,6051,Mono,38.6356,-119.5047,157,5.0,shape,False,False,America/Los_Angeles,3,96133,1840024632
26133,Tupman,Tupman,CA,California,6029,Kern,35.2987,-119.3577,157,114.8,shape,False,False,America/Los_Angeles,3,93276,1840019142
26182,Cromberg,Cromberg,CA,California,6063,Plumas,39.8684,-120.6904,154,6.6,shape,False,False,America/Los_Angeles,3,96103,1840017509
26197,French Gulch,French Gulch,CA,California,6089,Shasta,40.7166,-122.6312,154,4.8,shape,False,False,America/Los_Angeles,3,96033 96095,1840017494
26202,Adin,Adin,CA,California,6049,Modoc,41.1948,-120.9501,153,20.2,shape,False,False,America/Los_Angeles,3,96006,1840022383
26261,Samoa,Samoa,CA,California,6023,Humboldt,40.8146,-124.1893,151,69.7,shape,False,False,America/Los_Angeles,3,95564,1840026326
26283,Sierra Village,Sierra Village,CA,California,6109,Tuolumne,38.0765,-120.1629,150,22.5,shape,False,False,America/Los_Angeles,3,95335 95346,1840024693
26291,Soda Springs,Soda Springs,CA,California,6057,Nevada,39.3248,-120.3786,150,57.9,shape,False,False,America/Los_Angeles,3,95728,1840026656
26300,Camp Nelson,Camp Nelson,CA,California,6107,Tulare,36.142,-118.6108,150,46.8,shape,False,False,America/Los_Angeles,3,93265 93208,1840024866
26357,Mexican Colony,Mexican Colony,CA,California,6029,Kern,35.4689,-119.2687,148,531.5,shape,False,False,America/Los_Angeles,3,93263,1840026945
26369,Drytown,Drytown,CA,California,6005,Amador,38.4397,-120.8587,147,17.4,shape,False,False,America/Los_Angeles,3,95699,1840024634
26423,Richvale,Richvale,CA,California,6007,Butte,39.4937,-121.7508,145,60.4,shape,False,False,America/Los_Angeles,3,95965 95974,1840025573
26429,Los Berros,Los Berros,CA,California,6079,San Luis Obispo,35.0809,-120.545,145,22.3,shape,False,False,America/Los_Angeles,3,93420,1840024939
26453,Kingston,Kingston,NV,Nevada,32015,Lander,39.2101,-117.0679,144,13.7,shape,False,False,America/Los_Angeles,3,89310,1840024246
26465,Desert Center,Desert Center,CA,California,6065,Riverside,33.7378,-115.3666,144,1.8,shape,False,False,America/Los_Angeles,3,92239,1840022906
26467,Stevinson,Stevinson,CA,California,6047,Merced,37.3247,-120.8497,144,49.2,shape,False,False,America/Los_Angeles,3,95374,1840024774
26493,Pajaro Dunes,Pajaro Dunes,CA,California,6087,Santa Cruz,36.8722,-121.8101,143,21.5,shape,False,True,America/Los_Angeles,4,95076,1840076018
26524,East Shore,East Shore,CA,California,6063,Plumas,40.2453,-121.0768,142,46.4,shape,False,False,America/Los_Angeles,3,96137,1840028342
26554,Orovada,Orovada,NV,Nevada,32013,Humboldt,41.5492,-117.8235,141,2.5,shape,False,False,America/Los_Angeles,3,89425,1840024112
26571,Mettler,Mettler,CA,California,6029,Kern,35.0635,-118.9729,140,238.5,shape,False,False,America/Los_Angeles,3,93313,1840019133
26631,Rackerby,Rackerby,CA,California,6007,Butte,39.4261,-121.3542,138,18.0,shape,False,True,America/Los_Angeles,4,95914,1840042826
26634,Big Lagoon,Big Lagoon,CA,California,6023,Humboldt,41.1593,-124.1301,138,87.7,shape,False,False,America/Los_Angeles,3,95570,1840025518
26740,Bodega,Bodega,CA,California,6097,Sonoma,38.3488,-122.9711,134,17.8,shape,False,False,America/Los_Angeles,3,94972 94922 95465,1840022486
26754,Montgomery Creek,Montgomery Creek,CA,California,6089,Shasta,40.8415,-121.9215,134,15.7,shape,False,False,America/Los_Angeles,3,96084 96065,1840018730
26760,Old River,Old River,CA,California,6029,Kern,35.2671,-119.1055,134,52.5,shape,False,False,America/Los_Angeles,3,93311,1840131200
26766,San Lucas,San Lucas,CA,California,6053,Monterey,36.1283,-121.0218,134,131.3,shape,False,False,America/Los_Angeles,3,93954,1840019022
26788,Mineral,Mineral,CA,California,6103,Tehama,40.3755,-121.5694,133,1.2,shape,False,False,America/Los_Angeles,3,96061 96063,1840018760
26837,Campo Seco,Campo Seco,CA,California,6009,Calaveras,38.2271,-120.8533,132,39.1,point,False,False,America/Los_Angeles,4,95226 95225,1840130083
26852,Crystal Bay,Crystal Bay,NV,Nevada,32031,Washoe,39.2314,-120.0019,131,112.2,shape,False,False,America/Los_Angeles,3,89402 89451,1840024127
26921,Washington,Washington,CA,California,6057,Nevada,39.3591,-120.7905,129,26.2,shape,False,False,America/Los_Angeles,3,95959 95986,1840026657
26963,Oak Shores,Oak Shores,CA,California,6079,San Luis Obispo,35.7602,-120.9813,128,9.7,shape,False,True,America/Los_Angeles,4,93426,1840076002
26965,El Rancho,El Rancho,CA,California,6107,Tulare,36.2207,-119.0684,128,323.5,shape,False,True,America/Los_Angeles,3,93247,1840042236
27019,Downieville,Downieville,CA,California,6091,Sierra,39.5701,-120.8213,126,15.3,shape,False,False,America/Los_Angeles,3,95936,1840024376
27034,Wawona,Wawona,CA,California,6043,Mariposa,37.5447,-119.6387,125,44.9,shape,False,False,America/Los_Angeles,3,95389,1840024756
27070,Gold Mountain,Gold Mountain,CA,California,6063,Plumas,39.7613,-120.5191,124,7.9,shape,False,True,America/Los_Angeles,4,96122 96106,1840038257
27119,Goodyears Bar,Goodyears Bar,CA,California,6091,Sierra,39.5459,-120.888,122,23.0,shape,False,False,America/Los_Angeles,3,95944,1840024377
27141,Lund,Lund,NV,Nevada,32033,White Pine,38.8642,-115.0099,122,23.9,shape,False,False,America/Los_Angeles,3,89317,1840024357
27225,Humboldt River Ranch,Humboldt River Ranch,NV,Nevada,32027,Pershing,40.4318,-118.2719,118,2.3,shape,False,True,America/Los_Angeles,4,89419,1840033755
27234,Cassel,Cassel,CA,California,6089,Shasta,40.9213,-121.5514,118,22.5,shape,False,False,America/Los_Angeles,3,96016,1840025534
27243,Silver City,Silver City,NV,Nevada,32019,Lyon,39.2639,-119.6357,118,47.1,shape,False,False,America/Los_Angeles,3,89428,1840033764
27247,Ocotillo,Ocotillo,CA,California,6025,Imperial,32.7431,-116.002,118,5.1,shape,False,False,America/Los_Angeles,3,92259,1840019372
27254,Cherokee Strip,Cherokee Strip,CA,California,6029,Kern,35.4698,-119.2617,118,302.3,shape,False,False,America/Los_Angeles,3,93263,1840026942
27311,Monmouth,Monmouth,CA,California,6019,Fresno,36.5656,-119.7405,115,198.2,shape,False,False,America/Los_Angeles,3,93725,1840026841
27389,Olancha,Olancha,CA,California,6027,Inyo,36.2704,-118.0015,113,5.6,shape,False,False,America/Los_Angeles,3,93549,1840018953
27392,Rachel,Rachel,NV,Nevada,32017,Lincoln,37.6414,-115.7681,113,10.1,shape,False,False,America/Los_Angeles,3,89001,1840024653
27410,Bradley,Bradley,CA,California,6053,Monterey,35.8627,-120.8041,112,174.7,shape,False,False,America/Los_Angeles,3,93426,1840017681
27450,Stonyford,Stonyford,CA,California,6011,Colusa,39.3695,-122.5438,111,30.5,shape,False,False,America/Los_Angeles,3,95979,1840024472
27467,East Nicolaus,East Nicolaus,CA,California,6101,Sutter,38.91,-121.5443,110,9.3,shape,False,False,America/Los_Angeles,3,95659,1840024522
27471,Markleeville,Markleeville,CA,California,6003,Alpine,38.684,-119.8228,110,6.5,shape,False,False,America/Los_Angeles,3,96120,1840017568
27546,Jovista,Jovista,CA,California,6107,Tulare,35.794,-119.1896,107,79.2,shape,False,False,America/Los_Angeles,3,93215,1840129896
27550,Mina,Mina,NV,Nevada,32021,Mineral,38.3898,-118.1115,107,17.2,shape,False,False,America/Los_Angeles,3,89422,1840024561
27563,Mabie,Mabie,CA,California,6063,Plumas,39.7771,-120.5447,107,11.3,shape,False,False,America/Los_Angeles,3,96122,1840025548
27581,Daphnedale Park,Daphnedale Park,CA,California,6049,Modoc,41.507,-120.5472,106,49.5,shape,False,False,America/Los_Angeles,3,96101,1840028148
27635,Hiouchi,Hiouchi,CA,California,6015,Del Norte,41.7936,-124.0662,105,69.9,shape,False,False,America/Los_Angeles,3,95531,1840025510
27658,Weitchpec,Weitchpec,CA,California,6023,Humboldt,41.1969,-123.6939,104,10.5,shape,False,False,America/Los_Angeles,3,95546,1840130823
27686,Homewood Canyon,Homewood Canyon,CA,California,6027,Inyo,35.89,-117.3863,103,3.9,shape,False,True,America/Los_Angeles,4,92328,1840075917
27701,Hyampom,Hyampom,CA,California,6105,Trinity,40.6262,-123.4689,102,1.9,shape,False,False,America/Los_Angeles,3,96046,1840024174
27705,Nicolaus,Nicolaus,CA,California,6101,Sutter,38.8982,-121.5729,102,12.6,shape,False,False,America/Los_Angeles,3,95659,1840024524
27735,Bennett Springs,Bennett Springs,NV,Nevada,32017,Lincoln,37.7141,-114.4667,101,11.5,shape,False,True,America/Los_Angeles,4,89008,1840039790
27738,Sereno del Mar,Sereno del Mar,CA,California,6097,Sonoma,38.3836,-123.0733,101,52.9,shape,False,True,America/Los_Angeles,4,94923,1840076217
27774,Robinson Mill,Robinson Mill,CA,California,6007,Butte,39.4857,-121.3202,100,29.3,shape,False,True,America/Los_Angeles,4,95966,1840042828
27813,Cherokee,Cherokee,CA,California,6007,Butte,39.6514,-121.5345,99,21.8,shape,False,False,America/Los_Angeles,3,95965,1840025565
27827,El Monte Mobile Village,El Monte Mobile Village,CA,California,6107,Tulare,36.5471,-119.4251,99,155.4,shape,False,False,America/Los_Angeles,3,93618,1840153158
27842,Bowles,Bowles,CA,California,6019,Fresno,36.6089,-119.7526,98,29.2,shape,False,False,America/Los_Angeles,3,93725,1840017630
27950,Little River,Little River,CA,California,6045,Mendocino,39.2702,-123.7818,94,21.7,shape,False,False,America/Los_Angeles,3,95456,1840026598
27989,Mount Laguna,Mount Laguna,CA,California,6073,San Diego,32.8711,-116.4247,93,21.2,shape,False,False,America/Los_Angeles,3,91948,1840026994
27996,Kennedy Meadows,Kennedy Meadows,CA,California,6107,Tulare,36.0076,-118.1099,93,6.2,shape,False,True,America/Los_Angeles,5,93527,1840042238
28027,Flournoy,Flournoy,CA,California,6103,Tehama,39.9284,-122.4458,92,6.1,shape,False,False,America/Los_Angeles,3,96021 96029,1840025547
28040,La Grange,La Grange,CA,California,6099,Stanislaus,37.6636,-120.4635,91,126.1,shape,False,False,America/Los_Angeles,3,95329,1840045883
28049,Dales,Dales,CA,California,6103,Tehama,40.3155,-122.0604,91,54.5,shape,False,False,America/Los_Angeles,3,96080,1840045855
28061,Nicasio,Nicasio,CA,California,6041,Marin,38.0606,-122.7008,91,26.9,shape,False,False,America/Los_Angeles,3,94946,1840026766
28066,Clio,Clio,CA,California,6063,Plumas,39.7487,-120.5726,91,60.1,shape,False,False,America/Los_Angeles,3,96122 96106,1840017507
28074,Forbestown,Forbestown,CA,California,6007,Butte,39.53,-121.2689,90,5.5,shape,False,False,America/Los_Angeles,3,95941,1840025568
28094,Igo,Igo,CA,California,6089,Shasta,40.4992,-122.5458,90,34.2,shape,False,False,America/Los_Angeles,4,96047,1840027339
28199,Gazelle,Gazelle,CA,California,6093,Siskiyou,41.5149,-122.5217,87,50.0,shape,False,False,America/Los_Angeles,3,96034,1840017470
28235,Johannesburg,Johannesburg,CA,California,6029,Kern,35.3719,-117.6419,86,13.5,shape,False,False,America/Los_Angeles,3,93528,1840017801
28243,Stones Landing,Stones Landing,CA,California,6035,Lassen,40.6974,-120.731,85,15.5,shape,False,False,America/Los_Angeles,3,96130,1840143489
28247,Carmet,Carmet,CA,California,6097,Sonoma,38.3743,-123.0719,85,28.5,shape,False,False,America/Los_Angeles,3,94923,1840022487
28279,New Pine Creek,New Pine Creek,CA,California,6049,Modoc,41.9872,-120.3009,84,14.3,shape,False,False,America/Los_Angeles,3,97635,1840137757
28288,Rutherford,Rutherford,CA,California,6055,Napa,38.4568,-122.4231,84,19.3,shape,False,False,America/Los_Angeles,3,94573,1840024613
28365,Weott,Weott,CA,California,6023,Humboldt,40.3226,-123.9209,81,41.6,shape,False,False,America/Los_Angeles,3,95553 95571,1840009359
28406,Rumsey,Rumsey,CA,California,6113,Yolo,38.8902,-122.2404,80,12.6,shape,False,False,America/Los_Angeles,4,95679,1840045922
28410,Montello,Montello,NV,Nevada,32007,Elko,41.2671,-114.197,80,75.1,shape,False,False,America/Los_Angeles,3,89830,1840024117
28564,Palo Verde,Palo Verde,CA,California,6025,Imperial,33.4278,-114.7272,75,49.9,shape,False,False,America/Los_Angeles,3,92266,1840019373
28606,Woody,Woody,CA,California,6029,Kern,35.7081,-118.8145,74,7.1,shape,False,False,America/Los_Angeles,3,93287,1840046353
28611,Monterey Park Tract,Monterey Park Tract,CA,California,6099,Stanislaus,37.5268,-121.0115,74,196.9,shape,False,True,America/Los_Angeles,4,95307,1840042933
28619,Greenview,Greenview,CA,California,6093,Siskiyou,41.5471,-122.9185,73,21.8,shape,False,False,America/Los_Angeles,3,96037,1840017471
28622,Tuttle,Tuttle,CA,California,6047,Merced,37.2965,-120.3789,73,16.0,shape,False,False,America/Los_Angeles,3,95340 95341,1840024775
28640,Williams Canyon,Williams Canyon,CA,California,6059,Orange,33.7289,-117.6392,73,49.8,shape,False,False,America/Los_Angeles,3,92676,1840149018
28642,Furnace Creek,Furnace Creek,CA,California,6027,Inyo,36.4277,-116.8747,73,0.0,shape,False,False,America/Los_Angeles,3,92328,1840028343
28650,Mount Hebron,Mount Hebron,CA,California,6093,Siskiyou,41.7857,-122.008,73,37.6,shape,False,False,America/Los_Angeles,3,96058,1840018694
28693,Tennant,Tennant,CA,California,6093,Siskiyou,41.5822,-121.913,71,14.5,shape,False,False,America/Los_Angeles,3,96058,1840018695
28705,Alderpoint,Alderpoint,CA,California,6023,Humboldt,40.1613,-123.6158,71,11.3,shape,False,False,America/Los_Angeles,3,95511,1840009839
28716,Fellows,Fellows,CA,California,6029,Kern,35.178,-119.5472,71,39.4,shape,False,False,America/Los_Angeles,3,93224,1840017816
28717,Mount Bullion,Mount Bullion,CA,California,6043,Mariposa,37.5082,-120.0437,71,44.9,shape,False,False,America/Los_Angeles,3,95338,1840140327
28724,Verdi,Verdi,CA,California,6091,Sierra,39.5238,-120.0165,70,6.5,shape,False,False,America/Los_Angeles,3,89439,1840024382
28758,Chinese Camp,Chinese Camp,CA,California,6109,Tuolumne,37.8702,-120.4443,69,29.7,shape,False,False,America/Los_Angeles,3,95327 95309,1840017598
28766,Big Creek,Big Creek,CA,California,6019,Fresno,37.2035,-119.2485,69,57.9,shape,False,False,America/Los_Angeles,3,93634 93605,1840025729
28774,Myers Flat,Myers Flat,CA,California,6023,Humboldt,40.2666,-123.8737,69,61.6,shape,False,False,America/Los_Angeles,3,95553 95554,1840025523
28807,Tancred,Tancred,CA,California,6113,Yolo,38.7619,-122.1547,68,16.3,shape,False,False,America/Los_Angeles,4,95606,1840130758
28822,Big Bend,Big Bend,CA,California,6089,Shasta,41.0108,-121.924,67,4.5,shape,False,False,America/Los_Angeles,3,96011,1840017490
28824,McKittrick,McKittrick,CA,California,6029,Kern,35.298,-119.6249,67,9.9,shape,False,False,America/Los_Angeles,3,93251,1840017815
28837,Panorama Heights,Panorama Heights,CA,California,6107,Tulare,35.8068,-118.627,67,54.5,shape,False,False,America/Los_Angeles,3,93260,1840139203
28907,Litchfield,Litchfield,CA,California,6035,Lassen,40.3877,-120.3807,65,6.3,shape,False,False,America/Los_Angeles,3,96117,1840026365
28928,Knights Ferry,Knights Ferry,CA,California,6099,Stanislaus,37.8199,-120.6704,64,82.9,shape,False,False,America/Los_Angeles,3,95361,1840130368
28933,Austin,Austin,NV,Nevada,32015,Lander,39.4976,-117.074,64,21.5,shape,False,False,America/Los_Angeles,3,89310,1840024245
28965,Crescent Mills,Crescent Mills,CA,California,6063,Plumas,40.1008,-120.9217,63,5.7,shape,False,False,America/Los_Angeles,3,95934,1840017508
29005,Waukena,Waukena,CA,California,6107,Tulare,36.1391,-119.511,62,93.9,shape,False,False,America/Los_Angeles,3,93274,1840024884
29018,Darwin,Darwin,CA,California,6027,Inyo,36.2688,-117.589,61,17.5,shape,False,False,America/Los_Angeles,3,93522,1840018951
29041,Logan Creek,Logan Creek,NV,Nevada,32005,Douglas,39.0626,-119.9295,61,13.4,shape,False,True,America/Los_Angeles,4,89413,1840039841
29044,Paskenta,Paskenta,CA,California,6103,Tehama,39.8833,-122.5456,61,21.8,shape,False,False,America/Los_Angeles,3,96074,1840026514
29072,Little Valley,Little Valley,CA,California,6035,Lassen,40.8931,-121.178,60,55.7,shape,False,False,America/Los_Angeles,3,96056,1840028087
29077,Philo,Philo,CA,California,6045,Mendocino,39.0657,-123.445,60,11.2,shape,False,False,America/Los_Angeles,3,95466,1840026600
29136,Hardwick,Hardwick,CA,California,6031,Kings,36.4026,-119.7208,58,219.6,shape,False,False,America/Los_Angeles,3,93230,1840026930
29137,Gerlach,Gerlach,NV,Nevada,32031,Washoe,40.6452,-119.3614,58,7.2,shape,False,False,America/Los_Angeles,3,89412,1840024129
29151,Prattville,Prattville,CA,California,6063,Plumas,40.206,-121.1575,57,36.5,shape,False,False,America/Los_Angeles,3,95923,1840018767
29165,Hat Creek,Hat Creek,CA,California,6089,Shasta,40.8101,-121.4809,57,0.9,shape,False,False,America/Los_Angeles,3,96040,1840028323
29209,Casmalia,Casmalia,CA,California,6083,Santa Barbara,34.8378,-120.5309,55,137.1,shape,False,False,America/Los_Angeles,3,93429,1840022804
29238,Tooleville,Tooleville,CA,California,6107,Tulare,36.2878,-119.1154,54,449.5,shape,False,True,America/Los_Angeles,3,93221,1840042315
29246,Sequoia Crest,Sequoia Crest,CA,California,6107,Tulare,36.1858,-118.6256,54,20.4,shape,False,True,America/Los_Angeles,4,93265,1840042311
29265,La Porte,La Porte,CA,California,6063,Plumas,39.6725,-120.9852,53,4.6,shape,False,False,America/Los_Angeles,3,95981,1840017524
29383,Lookout,Lookout,CA,California,6049,Modoc,41.2094,-121.1543,49,3.5,shape,False,False,America/Los_Angeles,3,96054,1840024124
29396,Cartago,Cartago,CA,California,6027,Inyo,36.3123,-118.0261,49,16.2,shape,False,False,America/Los_Angeles,3,93549,1840017641
29400,Farmington,Farmington,CA,California,6077,San Joaquin,37.9299,-121.0044,49,7.4,shape,False,False,America/Los_Angeles,3,95230 95215,1840017605
29425,Mohawk Vista,Mohawk Vista,CA,California,6063,Plumas,39.8048,-120.5883,48,1.5,shape,False,False,America/Los_Angeles,3,96103,1840028349
29426,Keddie,Keddie,CA,California,6063,Plumas,40.0059,-120.9523,48,28.2,shape,False,False,America/Los_Angeles,3,95971,1840017523
29469,Valley Ranch,Valley Ranch,CA,California,6063,Plumas,39.7403,-120.565,46,15.6,shape,False,False,America/Los_Angeles,3,96106,1840028354
29494,Rodriguez Camp,Rodriguez Camp,CA,California,6107,Tulare,35.809,-119.1388,45,120.8,shape,False,True,America/Los_Angeles,4,93261,1840042291
29503,Mountain Center,Mountain Center,CA,California,6065,Riverside,33.7112,-116.7248,45,9.2,shape,False,False,America/Los_Angeles,3,92561,1840026986
29520,Moss Landing,Moss Landing,CA,California,6053,Monterey,36.8019,-121.7872,45,44.3,shape,False,False,America/Los_Angeles,3,95039,1840019018
29538,Smartsville,Smartsville,CA,California,6115,Yuba,39.2053,-121.2928,44,23.7,shape,False,False,America/Los_Angeles,3,95977,1840026640
29601,Camptonville,Camptonville,CA,California,6115,Yuba,39.4521,-121.0487,42,18.9,shape,False,False,America/Los_Angeles,3,95922,1840025600
29616,Idlewild,Idlewild,CA,California,6107,Tulare,35.8096,-118.6704,42,35.3,shape,False,False,America/Los_Angeles,3,93260,1840024870
29684,Salmon Creek,Salmon Creek,CA,California,6097,Sonoma,38.3462,-123.0595,40,13.9,shape,False,False,America/Los_Angeles,3,94923,1840024620
29692,Whitehawk,Whitehawk,CA,California,6063,Plumas,39.7206,-120.5536,39,5.8,shape,False,False,America/Los_Angeles,3,96106,1840028355
29698,Lake City,Lake City,CA,California,6049,Modoc,41.646,-120.2255,39,2.6,shape,False,False,America/Los_Angeles,3,96115,1840024122
29779,Ono,Ono,CA,California,6089,Shasta,40.4801,-122.6257,37,7.5,shape,False,False,America/Los_Angeles,5,96047,1840027340
29785,Ponderosa,Ponderosa,CA,California,6107,Tulare,36.1051,-118.5293,36,17.1,shape,False,False,America/Los_Angeles,3,93265,1840028302
29797,Denio,Denio,NV,Nevada,32013,Humboldt,41.9888,-118.6375,36,30.3,shape,False,False,America/Los_Angeles,3,89404,1840024110
29798,Elk Creek,Elk Creek,CA,California,6021,Glenn,39.6004,-122.5375,36,9.4,shape,False,False,America/Los_Angeles,3,95939,1840025588
29849,Foresta,Foresta,CA,California,6043,Mariposa,37.6983,-119.7552,34,12.9,point,False,False,America/Los_Angeles,4,95389,1840046409
29857,Pierpoint,Pierpoint,CA,California,6107,Tulare,36.1405,-118.6296,34,32.2,shape,False,True,America/Los_Angeles,4,93265 93208,1840042288
29876,Pike,Pike,CA,California,6091,Sierra,39.4278,-120.9997,34,3.0,shape,False,False,America/Los_Angeles,3,95960,1840024378
29909,Eagleville,Eagleville,CA,California,6049,Modoc,41.319,-120.1146,33,13.1,shape,False,False,America/Los_Angeles,3,96110,1840025512
29930,Nelson,Nelson,NV,Nevada,32003,Clark,35.7179,-114.8313,32,2.6,shape,False,False,America/Los_Angeles,3,89046,1840024863
29954,Twain,Twain,CA,California,6063,Plumas,40.0355,-121.0404,31,1.7,shape,False,False,America/Los_Angeles,3,95984,1840018770
29957,Wilsonia,Wilsonia,CA,California,6107,Tulare,36.7347,-118.9558,31,7.3,shape,False,False,America/Los_Angeles,3,93633,1840024885
29967,Youngstown,Youngstown,CA,California,6043,Mariposa,37.6481,-119.7182,31,15.0,shape,False,False,America/Los_Angeles,4,95389,1840130859
30021,Long Barn,Long Barn,CA,California,6109,Tuolumne,38.0957,-120.1285,29,3.9,shape,False,False,America/Los_Angeles,3,95335,1840024691
30031,Keeler,Keeler,CA,California,6027,Inyo,36.4867,-117.8733,28,9.4,shape,False,False,America/Los_Angeles,3,93530,1840017645
30040,Garey,Garey,CA,California,6083,Santa Barbara,34.8869,-120.3141,28,8.5,shape,False,False,America/Los_Angeles,3,93454,1840024982
30042,Rivergrove,Rivergrove,CA,California,6029,Kern,35.4403,-118.9411,28,16.4,shape,False,False,America/Los_Angeles,3,93308,1840146267
30112,Floriston,Floriston,CA,California,6057,Nevada,39.393,-120.0149,26,10.6,shape,False,False,America/Los_Angeles,3,96111,1840025608
30136,Butte Meadows,Butte Meadows,CA,California,6007,Butte,40.0871,-121.537,25,4.5,shape,False,False,America/Los_Angeles,3,95942,1840025564
30166,Leggett,Leggett,CA,California,6045,Mendocino,39.8636,-123.7253,24,3.4,shape,False,False,America/Los_Angeles,3,95585,1840026597
30190,Glennville,Glennville,CA,California,6029,Kern,35.7242,-118.7152,23,4.7,shape,False,False,America/Los_Angeles,3,93287 93226,1840046508
30199,Hiko,Hiko,NV,Nevada,32017,Lincoln,37.6063,-115.2018,23,1.6,shape,False,False,America/Los_Angeles,3,89017,1840024650
30231,McDermitt,McDermitt,NV,Nevada,32013,Humboldt,41.9903,-117.7209,22,5.4,shape,False,False,America/Los_Angeles,3,89421,1840017479
30256,Cuyama,Cuyama,CA,California,6083,Santa Barbara,34.9312,-119.6148,21,17.9,shape,False,False,America/Los_Angeles,3,93254,1840022805
30268,California Hot Springs,California Hot Springs,CA,California,6107,Tulare,35.8876,-118.6551,21,9.0,shape,False,False,America/Los_Angeles,3,93207,1840024865
30306,Bucks Lake,Bucks Lake,CA,California,6063,Plumas,39.8797,-121.1941,20,0.0,shape,False,False,America/Los_Angeles,3,95984 95956,1840028336
30316,Randsburg,Randsburg,CA,California,6029,Kern,35.368,-117.6607,19,3.8,shape,False,False,America/Los_Angeles,3,93554,1840019139
30331,Alleghany,Alleghany,CA,California,6091,Sierra,39.4666,-120.8411,19,9.5,shape,False,False,America/Los_Angeles,3,95910,1840022445
30368,Shoshone,Shoshone,CA,California,6027,Inyo,35.951,-116.3056,18,0.2,shape,False,False,America/Los_Angeles,3,92384,1840018952
30371,Jenner,Jenner,CA,California,6097,Sonoma,38.451,-123.1203,18,3.3,shape,False,False,America/Los_Angeles,3,95450,1840024617
30397,Pearsonville,Pearsonville,CA,California,6027,Inyo,35.8189,-117.8755,17,1.6,shape,False,False,America/Los_Angeles,3,93527,1840028301
30414,Mountain City,Mountain City,NV,Nevada,32007,Elko,41.8374,-115.9633,16,32.1,shape,False,False,America/Los_Angeles,3,89831,1840033814
30505,Redcrest,Redcrest,CA,California,6023,Humboldt,40.3988,-123.9474,12,7.7,shape,False,False,America/Los_Angeles,3,95569,1840026325
30517,Alta Sierra,Alta Sierra,CA,California,6029,Kern,35.7292,-118.5493,12,4.6,shape,False,False,America/Los_Angeles,3,93285,1840153152
30526,Canyondam,Canyondam,CA,California,6063,Plumas,40.1698,-121.0771,11,5.5,shape,False,False,America/Los_Angeles,3,95923,1840017514
30548,Little Grass Valley,Little Grass Valley,CA,California,6063,Plumas,39.7252,-120.959,10,0.0,shape,False,False,America/Los_Angeles,3,95981,1840028415
30563,Carrick,Carrick,CA,California,6093,Siskiyou,41.4467,-122.3635,10,266.3,shape,False,False,America/Los_Angeles,3,96094,1840028338
30567,Kep'el,Kep'el,CA,California,6023,Humboldt,41.2842,-123.819,10,1.1,shape,False,False,America/Los_Angeles,5,95546,1840153157
30639,Nubieber,Nubieber,CA,California,6035,Lassen,41.0967,-121.1816,7,3.6,shape,False,False,America/Los_Angeles,3,96068,1840026367
30666,Wautec,Wautec,CA,California,6023,Humboldt,41.3543,-123.8623,6,1.0,shape,False,False,America/Los_Angeles,5,95546,1840153149
30690,Poso Park,Poso Park,CA,California,6107,Tulare,35.8113,-118.6363,4,16.8,shape,False,False,America/Los_Angeles,3,93260,1840024878
30722,McClenney Tract,McClenney Tract,CA,California,6107,Tulare,35.822,-118.6477,3,1.9,shape,False,True,America/Los_Angeles,5,93260,1840042264
30752,Sheep Ranch,Sheep Ranch,CA,California,6009,Calaveras,38.2075,-120.4602,0,5.3,shape,False,True,America/Los_Angeles,5,95246,1840002191
30754,Ursine,Ursine,NV,Nevada,32017,Lincoln,37.9771,-114.2289,0,1.9,shape,False,False,America/Los_Angeles,3,89043,1840024654
30756,Sugarloaf Saw Mill,Sugarloaf Saw Mill,CA,California,6107,Tulare,35.8345,-118.6167,0,12.4,shape,False,True,America/Los_Angeles,4,93260,1840028303
30757,Valmy,Valmy,NV,Nevada,32013,Humboldt,40.7908,-117.1266,0,18.6,shape,False,False,America/Los_Angeles,3,89438,1840024114
30761,Johnsville,Johnsville,CA,California,6063,Plumas,39.7663,-120.713,0,0.2,shape,False,False,America/Los_Angeles,3,96103,1840017522
30767,Buck Meadows,Buck Meadows,CA,California,6043,Mariposa,37.8104,-120.0687,0,4.4,shape,False,False,America/Los_Angeles,3,95321,1840022542
30774,Posey,Posey,CA,California,6107,Tulare,35.8039,-118.6787,0,14.9,shape,False,False,America/Los_Angeles,3,93260,1840024877
30775,C-Road,C-Road,CA,California,6063,Plumas,39.7627,-120.577,0,18.7,shape,False,True,America/Los_Angeles,4,96103 96106,1840073894
30777,Freeport,Freeport,CA,California,6067,Sacramento,38.4636,-121.5022,0,111.2,shape,False,False,America/Los_Angeles,3,95832,1840024625
30787,Almanor,Almanor,CA,California,6063,Plumas,40.2146,-121.1763,0,0.0,shape,False,False,America/Los_Angeles,3,95923,1840017510
30797,Likely,Likely,CA,California,6049,Modoc,41.2254,-120.5033,0,47.8,shape,False,False,America/Los_Angeles,3,96116,1840024123
30880,Platina,Platina,CA,California,6089,Shasta,40.3591,-122.9042,0,5.9,shape,False,False,America/Los_Angeles,5,96076,1840027344
30894,Valley Ford,Valley Ford,CA,California,6097,Sonoma,38.3246,-122.9147,0,8.7,shape,False,False,America/Los_Angeles,3,94952 94972,1840024622
30914,Dry Valley,Dry Valley,NV,Nevada,32017,Lincoln,37.8843,-114.3051,0,10.7,shape,False,True,America/Los_Angeles,4,89043,1840039799
30915,Beaverdam,Beaverdam,NV,Nevada,32017,Lincoln,37.6898,-114.4491,0,7.5,shape,False,True,America/Los_Angeles,5,89008,1840039775
30921,Sattley,Sattley,CA,California,6091,Sierra,39.6265,-120.4357,0,2.4,shape,False,False,America/Los_Angeles,3,96124,1840024379
30925,Sugarloaf Village,Sugarloaf Village,CA,California,6107,Tulare,35.8269,-118.6354,0,16.3,shape,False,False,America/Los_Angeles,3,93260,1840028304
30931,Spring Garden,Spring Garden,CA,California,6063,Plumas,39.9012,-120.7936,0,0.5,shape,False,False,America/Los_Angeles,3,95971,1840018764
30946,Cedar Slope,Cedar Slope,CA,California,6107,Tulare,36.1455,-118.5788,0,0.0,shape,False,False,America/Los_Angeles,3,93265,1840024867
30952,Tobin,Tobin,CA,California,6063,Plumas,39.9358,-121.2965,0,0.5,shape,False,False,America/Los_Angeles,3,95915,1840018769
30959,Empire,Empire,NV,Nevada,32031,Washoe,40.5759,-119.343,0,199.3,shape,False,False,America/Los_Angeles,3,89405,1840024128
30972,Graniteville,Graniteville,CA,California,6057,Nevada,39.4442,-120.7361,0,4.1,shape,False,False,America/Los_Angeles,3,95959,1840026652
30976,Coulterville,Coulterville,CA,California,6043,Mariposa,37.7123,-120.1967,0,120.9,shape,False,False,America/Los_Angeles,3,95311,1840028088
30979,Tarina,Tarina,CA,California,6029,Kern,35.3807,-118.8171,0,0.0,shape,False,False,America/Los_Angeles,3,93220 93307,1840146269
30980,Madeline,Madeline,CA,California,6035,Lassen,41.0514,-120.4755,0,9.8,shape,False,False,America/Los_Angeles,3,96119,1840027337
30982,Trona,Trona,CA,California,6027,Inyo,35.815,-117.3449,0,0.1,shape,False,True,America/Los_Angeles,5,92328,1840076398
31003,Edgewood,Edgewood,CA,California,6093,Siskiyou,41.462,-122.426,0,33.5,shape,False,False,America/Los_Angeles,3,96094,1840017467
31008,Indian Falls,Indian Falls,CA,California,6063,Plumas,40.0587,-120.9803,0,7.5,shape,False,False,America/Los_Angeles,3,95934,1840017521
31030,Hornitos,Hornitos,CA,California,6043,Mariposa,37.5026,-120.2388,0,23.4,shape,False,False,America/Los_Angeles,3,95338 95325,1840026811
31035,Lake Davis,Lake Davis,CA,California,6063,Plumas,39.8564,-120.463,0,0.9,shape,False,False,America/Los_Angeles,3,96122,1840017525
31066,Valley Wells,Valley Wells,CA,California,6027,Inyo,35.8761,-117.3366,0,0.0,shape,False,False,America/Los_Angeles,3,92328,1840135917
31082,Milford,Milford,CA,California,6035,Lassen,40.1634,-120.3686,0,16.0,shape,False,False,America/Los_Angeles,3,96121,1840026366
31084,Silver City,Silver City,CA,California,6107,Tulare,36.4663,-118.6495,0,0.0,shape,False,False,America/Los_Angeles,3,93262,1840024880
31088,Old Station,Old Station,CA,California,6089,Shasta,40.6722,-121.4227,0,5.7,shape,False,False,America/Los_Angeles,3,96071,1840026369
31099,Fish Camp,Fish Camp,CA,California,6043,Mariposa,37.4778,-119.6393,0,40.5,shape,False,False,America/Los_Angeles,3,93623,1840024753
31107,Oakville,Oakville,CA,California,6055,Napa,38.4383,-122.4067,0,18.9,shape,False,False,America/Los_Angeles,3,94562 94558,1840024612
31117,Unionville,Unionville,NV,Nevada,32027,Pershing,40.4467,-118.1229,0,19.2,shape,False,False,America/Los_Angeles,3,89418,1840033798
31119,Charleston View,Charleston View,CA,California,6027,Inyo,35.9646,-115.8972,0,20.5,shape,False,False,America/Los_Angeles,3,89061,1840149285
31120,Virginia Lakes,Virginia Lakes,CA,California,6051,Mono,38.0486,-119.2555,0,0.0,shape,False,False,America/Los_Angeles,3,93541,1840149286
31131,Yettem,Yettem,CA,California,6107,Tulare,36.4856,-119.256,0,358.7,shape,False,False,America/Los_Angeles,3,93670 93292 93615,1840024886
31150,Paxton,Paxton,CA,California,6063,Plumas,40.0334,-121.0029,0,4.2,shape,False,False,America/Los_Angeles,3,95971,1840018766
31161,Taylorsville,Taylorsville,CA,California,6063,Plumas,40.0586,-120.8387,0,3.0,shape,False,False,America/Los_Angeles,3,95983,1840018772
31162,Phillipsville,Phillipsville,CA,California,6023,Humboldt,40.2117,-123.7845,0,98.8,shape,False,False,America/Los_Angeles,3,95559,1840026324
31163,Paynes Creek,Paynes Creek,CA,California,6103,Tehama,40.3409,-121.9174,0,8.6,shape,False,False,America/Los_Angeles,3,96075 96080,1840026515
31172,Lamoille,Lamoille,NV,Nevada,32007,Elko,40.7239,-115.479,0,3.7,shape,False,False,America/Los_Angeles,3,89828,1840024116
31188,Creston,Creston,CA,California,6079,San Luis Obispo,35.5173,-120.521,0,93.6,shape,False,False,America/Los_Angeles,3,93432,1840025803
31209,Warner Valley,Warner Valley,CA,California,6063,Plumas,40.3955,-121.3174,0,0.0,shape,False,True,America/Los_Angeles,5,96020,1840038463
31212,Caribou,Caribou,CA,California,6063,Plumas,40.0767,-121.1609,0,0.0,shape,False,False,America/Los_Angeles,3,95984,1840017515
31221,Baker,Baker,NV,Nevada,32033,White Pine,39.015,-114.1233,0,41.5,shape,False,False,America/Los_Angeles,3,89311,1840026573
31224,Hartland,Hartland,CA,California,6107,Tulare,36.6539,-118.9588,0,18.2,shape,False,False,America/Los_Angeles,3,93603,1840024869
31227,Brooks,Brooks,CA,California,6113,Yolo,38.7369,-122.1468,0,2.3,shape,False,False,America/Los_Angeles,3,95606,1840130046
31230,Kingvale,Kingvale,CA,California,6057,Nevada,39.3204,-120.4387,0,119.5,shape,False,False,America/Los_Angeles,3,96161 95728,1840026653
31232,Blairsden,Blairsden,CA,California,6063,Plumas,39.7752,-120.6109,0,19.4,shape,False,False,America/Los_Angeles,3,96103,1840017513
31238,Belden,Belden,CA,California,6063,Plumas,40.004,-121.2538,0,13.5,shape,False,False,America/Los_Angeles,3,95915,1840017512
31245,McGee Creek,McGee Creek,CA,California,6051,Mono,37.5727,-118.791,0,0.1,shape,False,True,America/Los_Angeles,5,93546,1840075938
31246,Mount Wilson,Mount Wilson,NV,Nevada,32017,Lincoln,38.235,-114.4504,0,2.2,shape,False,True,America/Los_Angeles,5,89043,1840039843
31256,Twin Lakes,Twin Lakes,CA,California,6051,Mono,38.1695,-119.3422,0,0.0,shape,False,False,America/Los_Angeles,3,93517,1840153147
